"id-virginia-va_adj_vtds20-40-StateSenateDistricts",assignment
51149000105,18
51149000202,18
51149000205,14
51149000201,18
51149000104,18
51149000204,18
51149000203,18
51149000102,18
51149000101,18
51149000103,18
51595000401,20
51595000201,20
51595000501,20
51595000301,20
51595000701,20
51595000601,20
51595000101,20
51600000006,2
51600000001,2
51600000002,2
51600000005,2
51600000004,2
51600000003,2
51187000102,13
51187000302,13
51187000101,13
51187000202,13
51187000402,13
51187000201,13
51187000501,13
51187000301,13
51187000401,13
51187000502,13
51187000504,13
51175000401,20
51175000301,20
51175000702,20
51175000701,20
51175000501,20
51175000502,20
51175000602,20
51175000601,20
51175000302,20
51175000102,18
51175000101,20
51175000202,20
51175000201,20
51700000311,19
51700000318,19
51700000216,18
51700000211,19
51700000319,19
51700000202,18
51700000219,19
51700000320,19
51700000203,18
51700000218,19
51700000208,18
51700000107,19
51700000308,19
51700000307,19
51700000314,18
51700000312,19
51700000306,18
51700000310,19
51700000210,18
51700000209,18
51700000302,19
51700000105,19
51700000101,18
51700000303,19
51700000109,19
51700000315,19
51700000103,18
51700000304,19
51700000201,19
51700000305,18
51700000212,18
51700000215,18
51700000316,19
51700000204,18
51700000317,19
51570000003,16
51570000001,16
51570000004,16
51570000005,16
51570000002,16
51700000217,18
51700000309,19
51700000213,18
51700000313,19
51097000301,26
51097000101,26
51097000201,26
51097000401,26
51097000501,26
51161000401,36
51093000502,20
51093000503,20
51093000505,18
51093000504,18
51093000501,20
51093000302,18
51093000301,18
51093000201,18
51093000202,18
51093000101,18
51093000102,18
51093000402,18
51093000403,18
51093000401,18
51730000301,14
51730000601,14
51730000701,14
51730000201,14
51730000101,14
51730000501,14
51730000401,14
51550000019,17
51550000018,21
51550000033,24
51550000063,24
51550000028,20
51630000101,12
51630000301,12
51630000401,12
51630000201,12
51630000402,12
51550000026,21
51550000012,21
51550000031,21
51550000042,24
51550000015,24
51550000056,24
51550000029,21
51550000035,17
51550000045,17
51550000008,21
51550000011,21
51550000013,20
51550000034,20
51550000038,17
51550000044,17
51550000027,17
51550000021,17
51550000022,21
51550000004,17
51550000020,17
51550000054,17
51550000061,20
51550000055,21
51550000059,24
51550000005,21
51550000050,20
51550000046,20
51550000001,20
51550000043,20
51550000002,20
51550000036,20
51550000017,24
51550000041,20
51550000006,20
51550000048,17
51550000062,20
51550000003,17
51550000025,21
51550000009,20
51550000051,20
51550000049,24
51550000010,21
51550000039,20
51550000058,24
51550000023,20
51550000016,24
51550000024,21
51550000052,20
51550000014,20
51550000057,24
51550000030,21
51550000053,24
51550000037,20
51550000060,20
51550000007,24
51550000032,21
51103000101,26
51103000201,26
51103000301,26
51103000302,26
51103000401,26
51103000501,26
51620000401,20
51620000601,20
51620000301,20
51620000501,20
51840000102,29
51840000301,29
51840000101,29
51840000402,29
51840000201,29
51840000401,29
51036000101,15
51036000201,15
51036000301,15
51610000003,2
51610000001,2
51610000002,2
51101000301,26
51101000401,26
51101000202,26
51101000501,26
51101000201,26
51101000101,26
51089000102,33
51089000103,33
51089000101,33
51089000405,33
51089000402,33
51089000404,33
51089000401,33
51089000203,33
51089000202,33
51089000204,33
51089000201,33
51089000602,33
51089000603,33
51089000604,33
51089000601,33
51089000305,33
51089000303,33
51089000304,33
51089000302,33
51089000503,33
51089000502,33
51089000501,33
51089000505,33
51089000504,33
51145000101,28
51145000102,28
51145000103,28
51145000201,28
51145000202,35
51145000302,35
51145000502,35
51145000501,35
51145000503,35
51145000301,35
51145000402,35
51145000401,35
51099000301,26
51099000102,26
51099000101,26
51099000201,26
51099000401,26
51013000050,1
51013000017,1
51013000034,1
51013000033,1
51013000023,1
51013000031,1
51013000014,1
51013000004,1
51013000013,1
51013000028,0
51013000020,1
51013000047,0
51013000016,1
51013000048,1
51013000002,1
51013000015,1
51013000005,1
51013000027,1
51013000022,0
51013000009,1
51013000026,1
51013000035,1
51013000044,1
51013000019,1
51013000010,1
51013000038,1
51013000008,1
51013000032,1
51013000001,1
51013000030,1
51013000042,0
51013000012,0
51013000052,1
51013000021,1
51013000003,1
51013000006,1
51013000024,1
51013000011,1
51013000041,1
51013000007,1
51013000036,1
51013000025,1
51013000045,1
51013000029,1
51013000018,1
51013000039,1
51013000049,1
51013000040,1
51013000037,1
51013000053,1
51013000051,1
51013000046,1
51013000054,1
51013000043,1
51107000422,9
51107000322,9
51107000126,9
51700000205,18
51700000108,18
51700000106,18
51700000110,18
51700000102,18
51700000104,19
51087000316,27
51007000101,35
51007000301,35
51007000201,35
51007000401,35
51007000501,35
51113000003,13
51113000001,13
51113000002,13
51113000005,13
51113000004,13
51113000006,13
51113000008,13
51113000007,13
51113000009,13
51510000112,0
51510000309,0
51135000302,20
51135000101,20
51135000501,20
51135000402,20
51135003012,20
51135000201,20
51135003011,20
51135000102,20
51135000401,20
51049000101,35
51049000201,35
51049000301,35
51049000501,35
51049000401,35
51133000101,26
51133000201,26
51133000301,26
51133000501,26
51133000401,26
51005005101,37
51005005103,37
51005005601,37
51005005701,37
51005005201,37
51005005502,37
51005005501,37
51005005202,37
51005005402,37
51005005302,37
51005005301,37
51005005401,37
51760000111,28
51760000112,28
51760000604,15
51760000105,28
51760000309,15
51760000301,15
51760000703,15
51760000102,28
51760000412,28
51760000404,28
51760000602,15
51760000708,28
51760000609,14
51760000114,28
51760000113,15
51760000707,14
51760000503,28
51760000702,15
51760000207,28
51760000204,15
51760000501,28
51760000510,14
51760000811,14
51760000402,28
51760000504,28
51760000802,14
51760000909,14
51760000505,28
51760000911,14
51760000610,14
51760000910,14
51760000810,14
51760000903,14
51760000509,14
51760000902,14
51760000701,15
51760000101,28
51760000414,28
51760000410,28
51760000306,15
51760000213,15
51760000705,14
51760000305,15
51760000302,15
51760000208,15
51760000706,14
51760000908,14
51760000206,15
51760000214,15
51760000307,15
51760000308,15
51760000303,15
51760000508,28
51760000603,15
51760000310,15
51760000606,15
51760000304,15
51760000409,28
51760000812,14
51760000806,14
51760000607,28
51760000413,28
51760000203,15
51760000814,14
51760000104,28
51760000106,28
51031000302,35
51031000303,35
51031000301,35
51031000202,32
51031000702,35
51031000701,35
51031000703,35
51031000501,32
51031000601,32
51031000602,35
51031000102,32
51031000101,32
51031000402,35
51031000401,35
51031000502,35
51031000201,32
51735000003,25
51735000002,25
51735000001,25
51685000003,10
51161000101,37
51161000106,36
51161000107,37
51161000108,36
51161000103,36
51161000105,36
51161000102,37
51161000104,36
51161000505,36
51161000506,36
51161000503,36
51161000504,36
51161000501,36
51161000507,36
51161000406,36
51161000502,36
51161000405,36
51161000402,36
51161000403,36
51161000305,36
51161000302,36
51161000301,36
51161000306,36
51161000404,36
51161000304,36
51161000303,36
51161000204,36
51161000206,36
51161000202,36
51161000201,36
51161000203,36
51161000205,36
51027000201,39
51017000301,30
51017000401,30
51017000501,30
51017000101,30
51017000102,30
51017000302,30
51017000201,30
51800000702,17
51800000704,17
51800000204,17
51800000504,17
51800000502,20
51800000104,17
51800000706,17
51800000402,20
51800000601,17
51800000501,20
51800000304,17
51800000403,17
51800000202,17
51800000102,17
51800000603,17
51800000301,20
51800000604,17
51800000602,17
51800000404,17
51800000401,20
51800000203,17
51800000605,17
51800000302,17
51800000101,17
51800000305,17
51800000405,20
51800000201,18
51690000004,33
51690000002,33
51690000005,33
51690000003,33
51690000001,33
51690000006,33
51710000104,22
51710000506,22
51710000106,22
51710000103,22
51710000501,22
51710000218,22
51710000212,21
51710000413,21
51710000408,21
51710000509,22
51710000503,22
51710000505,22
51710000512,22
51710000201,22
51710000207,21
51710000208,22
51710000101,22
51710000217,22
51710000102,22
51710000311,21
51710000414,21
51710000402,21
51710000504,22
51710000214,21
51710000215,22
51710000511,22
51710000310,21
51710000405,21
51710000302,21
51710000406,22
51710000404,21
51710000415,21
51710000303,21
51710000507,22
51710000309,21
51710000409,21
51710000211,21
51710000313,21
51710000203,21
51710000411,21
51710000306,21
51710000301,21
51710000213,21
51710000210,21
51710000305,21
51710000510,22
51710000412,21
51710000304,21
51153001061,10
51153000114,7
51153000315,11
51153001062,10
51135000202,20
51740000022,17
51740000024,17
51740000011,17
51740000031,17
51740000020,17
51740000036,17
51740000021,17
51740000013,17
51740000035,17
51740000037,17
51740000005,17
51740000014,17
51740000019,17
51740000023,17
51740000009,17
51740000039,17
51740000038,17
51740000034,17
51740000032,17
51740000028,17
51740000027,17
51740000007,17
51740000026,17
51740000016,17
51740000017,17
51740000029,17
51740000033,17
51740000010,17
51740000025,17
51740000030,17
51740000001,17
51683000004,10
51683000003,10
51683000005,10
51683000001,10
51683000006,10
51683000002,10
51185000502,38
51185000501,38
51185000104,38
51185000102,38
51185000103,38
51185000112,38
51185000101,38
51185000106,38
51185000107,38
51185000109,38
51185000209,38
51185000401,38
51185000402,38
51185000214,38
51185000207,38
51185000203,38
51185000204,38
51185000303,38
51185000301,38
51185000302,38
51620000201,20
51620000101,20
51023000102,37
51023000101,37
51023000202,37
51023000201,37
51023000302,37
51023000301,37
51023000406,37
51023000403,37
51023000501,37
51023000502,37
51077000203,38
51077000108,38
51077000202,38
51077000101,38
51077000302,38
51077000301,38
51077000403,38
51077000402,38
51077004012,38
51077004011,38
51077000106,38
51077000105,38
51077000104,38
51077000107,38
51077000102,38
51077000103,38
51810000049,23
51810000003,23
51810000076,23
51810000002,23
51810000034,24
51810000061,21
51810000033,24
51810000064,24
51810000071,24
51810000098,24
51810000060,24
51810000082,23
51810000079,23
51810000043,24
51810000056,23
51810000031,24
51810000050,23
51810000013,23
51810000030,23
51810000039,23
51810000040,23
51810000023,23
51810000072,23
51810000020,22
51810000059,22
51810000019,22
51810000069,21
51810000077,23
51810000004,23
51810000029,23
51810000012,23
51810000038,22
51810000093,21
51810000021,21
51810000011,23
51810000075,23
51810000010,23
51810000016,22
51810000052,24
51810000026,23
51810000036,23
51810000025,23
51810000037,22
51810000088,24
51810000005,23
51810000018,22
51810000015,22
51810000091,24
51810000045,24
51810000073,24
51810000087,24
51810000081,24
51810000058,24
51810000054,24
51810000080,24
51810000046,24
51810000085,24
51810000068,24
51810000027,24
51810000097,24
51810000047,23
51810000008,23
51810000066,24
51810000083,23
51810000053,23
51810000051,24
51810000057,21
51810000041,21
51810000090,22
51810000017,22
51810000096,23
51810000094,23
51810000062,24
51810000074,24
51810000014,23
51810000055,23
51810000099,24
51810000007,23
51810000009,23
51810000067,23
51810000048,23
51810000086,22
51810000089,24
51810000035,24
51810000070,23
51810000095,23
51810000006,23
51810000001,23
51810000063,23
51810000042,24
51810000100,24
51810000032,24
51810000078,24
51810000024,24
51810000022,23
51810000044,24
51810000084,24
51810000092,23
51810000028,23
51810000065,24
51685000002,10
51685000001,10
51015000103,30
51015000101,30
51015000102,34
51015000201,34
51075000402,31
51001000101,22
51001000202,22
51001000201,22
51001000301,22
51001000601,22
51001000701,22
51001000602,22
51001000501,22
51001000901,22
51001000402,22
51001000401,22
51001000403,22
51001000502,22
51001000803,22
51001000802,22
51001000801,22
51820000004,34
51820000002,34
51660000203,30
51660000201,30
51660000101,30
51660000202,30
51660000105,30
51660000103,30
51660000102,30
51660000104,30
51167000201,39
51167000103,39
51167000304,39
51167000202,39
51167000101,39
51167000102,39
51167000601,39
51167000303,39
51167000501,39
51167000302,39
51167000602,39
51167000301,39
51167000402,39
51167000401,39
51167000403,39
51820000003,34
51820000001,34
51015000202,30
51015000203,30
51015000301,30
51015000304,30
51015000303,30
51015000302,30
51015000405,30
51015000403,30
51015000401,30
51015000404,30
51015000402,30
51015000502,30
51015000504,30
51015000501,30
51015000503,30
51015000602,30
51015000601,30
51015000603,34
51015000801,34
51015000803,30
51015000802,34
51193000201,26
51193000101,26
51193000102,26
51193000202,26
51193000301,26
51193000302,26
51193000401,26
51193000501,26
51075000102,31
51075000101,31
51075000202,31
51075000201,31
51075000301,31
51075000302,31
51075000501,31
51075000502,31
51075000401,31
51790000401,30
51790000301,30
51790000201,30
51790000501,30
51790000101,30
51183000502,20
51183000301,20
51183000201,20
51183000602,20
51183000501,20
51183000101,20
51183000601,20
51183000402,20
51183000202,20
51183000302,20
51183000401,20
51197000101,38
51197000102,38
51197000602,38
51197000303,38
51197000402,38
51197000401,38
51197000203,38
51197000501,38
51197000502,38
51197000601,38
51197000603,38
51540000402,34
51540000202,34
51540000201,34
51540000302,34
51540000303,34
51540000301,34
51540000401,34
51540000102,34
51540000101,34
51580000501,37
51580000101,37
51580000201,37
51580000301,37
51580000401,37
51053000101,20
51053000103,20
51053000202,20
51053000201,20
51053000502,20
51053000501,20
51053000301,20
51053000302,20
51053000403,20
51053000303,20
51053000401,20
51053000102,20
51053000402,20
51117000103,35
51117000102,35
51117000101,35
51117000201,35
51117000203,35
51117000202,35
51117000302,35
51083000103,35
51083000102,35
51083000401,35
51083000101,35
51083000203,35
51083000201,35
51083000202,35
51083000503,35
51083000304,35
51083000302,35
51083000801,35
51083000605,35
51083000305,35
51083000502,35
51083000703,35
51083000701,35
51083000403,35
51083000702,35
51083000601,35
51083000603,35
51117000501,35
51117000401,35
51117000301,35
51117000601,35
51117000701,35
51117000903,35
51117000902,35
51117000602,35
51117000803,35
51117000802,35
51117000603,35
51117000702,35
51117000402,35
51117000801,35
51117000604,35
51117000901,35
51195000101,39
51195000104,39
51195000103,39
51195000102,39
51195000202,39
51195000203,39
51195000201,39
51195000401,39
51195000302,39
51195000301,39
51195000402,39
51195000403,39
51105000103,39
51105000101,39
51105000102,39
51105000203,39
51105000202,39
51105000301,39
51105000201,39
51105000302,39
51105000502,39
51105000404,39
51105000401,39
51105000403,39
51105000504,39
51105000501,39
51105000503,39
51105000402,39
51169000101,39
51169000102,39
51169000203,39
51169000202,39
51169000204,39
51169000401,39
51169000504,39
51169000503,39
51169000601,39
51169000603,39
51169000602,39
51169000501,39
51169000502,39
51169000303,39
51169000301,39
51169000302,39
51169000304,39
51165000404,30
51165000405,29
51165000302,30
51165000203,30
51165000402,30
51165000306,30
51165000205,30
51165000403,30
51165000307,30
51165000401,30
51165000305,30
51165000201,29
51165000503,30
51165000202,29
51165000301,30
51165000204,29
51165000103,29
51165000106,29
51165000303,29
51165000504,30
51165000107,29
51165000102,29
51165000108,29
51165000502,30
51165000505,30
51181000201,18
51181000401,18
51181000501,18
51181000502,18
51181000101,18
51181000301,18
51181000302,18
51177000702,12
51177000703,31
51177000701,12
51177000704,31
51177000101,31
51177000104,31
51177000103,31
51177000102,31
51177000201,31
51177000202,31
51177000204,31
51177000203,31
51177000602,31
51177000601,12
51177000603,12
51177000301,12
51177000303,12
51177000302,12
51177000401,12
51177000402,31
51177000403,12
51177000505,31
51177000501,31
51177000504,31
51177000502,31
51177000503,31
51165000101,29
51165000105,29
51165000104,29
51165000501,30
51165000304,30
51179000603,12
51179000601,12
51179000602,12
51179000101,12
51179000104,12
51179000103,12
51179000102,12
51179000201,12
51179000702,12
51179000604,12
51179000203,11
51179000202,12
51025000103,20
51025000102,20
51025000101,20
51025000201,20
51025000202,20
51025000203,20
51025000301,20
51025000304,20
51025000302,20
51025000303,20
51025000501,20
51025000402,20
51025000401,20
51179000204,12
51179000703,12
51179000701,12
51179000303,11
51179000301,11
51179000302,11
51179000304,12
51009000101,32
51009000102,32
51009000103,32
51009000201,32
51009000202,32
51009000303,32
51009000302,32
51009000301,32
51009000401,32
51009000402,32
51009000501,32
51750000001,37
51750000002,37
51750000003,37
51141000402,38
51141000401,38
51141000102,38
51141000103,38
51141000101,38
51141000301,38
51141000203,38
51141000302,38
51141000502,38
51141000202,38
51141000503,38
51141000501,38
51141000201,38
51081000401,20
51081000102,20
51081000103,20
51081000101,20
51081000202,20
51081000201,20
51081000302,20
51081000402,20
51081000403,20
51191000101,39
51191000102,39
51191000402,39
51191000201,39
51191000202,39
51191000203,39
51191000204,39
51191000301,39
51191000401,39
51191000502,39
51191000501,39
51191000504,39
51191000602,39
51191000601,39
51191000603,39
51191007021,39
51191000701,39
51191000703,39
51191007022,39
51191000302,39
51041000103,14
51041000105,14
51041000101,14
51041000108,16
51041000112,16
51041000107,16
51041000106,16
51041000111,16
51041000109,14
51041000104,16
51041000102,16
51041000110,16
51041000415,16
51041000414,16
51041000403,16
51041000402,16
51041000416,28
51041000405,16
51041000407,28
51041000410,16
51041000413,28
51041000406,28
51041000417,16
51041000401,16
51041000411,16
51041000404,16
51041000409,16
51041000408,28
51041000213,14
51041000209,16
51041000211,16
51041000207,14
51041000212,16
51041000308,16
51041000309,28
51041000304,16
51041000301,16
51041000305,16
51041000201,16
51041000306,16
51041000208,14
51041000303,16
51041000204,16
51041000315,16
51041000318,16
51041000210,16
51041000202,14
51041000317,16
51041000313,28
51041000307,16
51041000302,16
51041000310,16
51041000205,14
51041000214,14
51041000206,14
51041000501,28
51041000502,28
51041000517,28
51041000518,28
51041000509,28
51041000511,28
51041000508,28
51041000316,16
51041000504,28
51041000513,28
51041000503,28
51041000505,28
51041000514,28
51041000507,28
51041000203,16
51041000215,16
51041000510,28
51041000515,28
51041000516,16
51041000506,28
51073000302,25
51073000301,25
51073000401,25
51073000402,25
51073000201,25
51073000202,25
51073000102,25
51073000101,25
51073000103,25
51073000502,25
51073000501,25
51115000001,25
51115000003,25
51115000002,25
51111000601,35
51111000301,35
51111000302,35
51111000502,35
51111000501,35
51111000201,35
51111000402,35
51111000401,35
51111000702,35
51111000701,35
51111000101,35
51530000002,37
51530000001,37
51041000314,16
51041000113,16
51041000319,28
51041000412,16
51041000216,14
51043000201,8
51043000501,8
51043000502,8
51043000101,13
51043000301,8
51043000302,8
51043000401,13
51125000501,34
51125000502,34
51125000201,34
51125000202,34
51125000101,34
51125000301,34
51125000302,34
51125000401,34
51125000402,34
51095000103,25
51095000102,18
51095000101,18
51095001042,18
51095000504,18
51095001041,18
51095000203,25
51095000204,25
51095000202,18
51095000201,18
51095000502,18
51095000501,18
51095000303,25
51095000301,25
51095000304,25
51095000503,18
51095000302,25
51095000402,25
51095000403,25
51095000401,25
51091000007,30
51091000005,30
51091000003,30
51091000001,30
51091000008,30
51091000010,30
51061000101,13
51061000103,13
51061000102,13
51061000104,13
51061000105,13
51061000504,13
51061000404,13
51061000106,13
51061000203,13
51061000202,13
51061000201,13
51061000401,13
51061000402,13
51061000403,13
51061000503,13
51061000303,13
51061000302,13
51061000301,13
51061000501,13
51061000502,13
51119000302,26
51119000201,26
51119000501,26
51119000401,26
51119000102,26
51119000101,26
51131000101,22
51131000201,22
51131000401,22
51131000301,22
51131000501,22
51147000101,35
51147000201,35
51147000301,35
51147000302,35
51147000801,35
51147000701,35
51147000502,35
51147000601,35
51147000401,35
51147000501,35
51127000102,25
51127000103,25
51127000202,25
51127000201,25
51127000302,25
51127000301,25
51127000403,25
51127000401,25
51127000502,25
51127000501,25
51173000501,38
51173000502,38
51173000401,38
51173000302,38
51173000301,38
51173000201,38
51173000703,38
51173000701,38
51173000702,38
51173000601,38
51173000602,38
51173000402,38
51173000101,38
51173000202,38
51067000501,33
51067000503,33
51067000502,33
51067000504,33
51067000401,33
51067000402,33
51067000403,33
51067000301,33
51067000302,33
51067000601,33
51067000602,33
51067000304,33
51067000303,33
51067000603,33
51067000102,33
51067000103,33
51067000201,33
51067000202,33
51067000203,33
51067000204,33
51067000702,33
51067000701,33
51067000703,33
51153000101,11
51153000111,7
51153000110,7
51153000102,7
51153000112,7
51153000109,7
51153000104,7
51640000001,38
51640000002,38
51640000003,38
51153000108,7
51153000107,7
51153000103,7
51153000105,7
51153000203,10
51153000204,10
51153000209,11
51153000210,11
51153000205,10
51153000206,11
51153000208,11
51153000214,10
51153000211,10
51153000212,10
51153000201,11
51153000215,11
51153000207,11
51153000213,11
51153000202,11
51153000411,7
51153000413,7
51153000410,7
51153000402,7
51153000401,7
51153000412,7
51153000409,7
51153000405,7
51153000407,7
51153000403,7
51153000406,7
51153000404,7
51153000408,7
51153000611,11
51153000607,10
51153000604,11
51153000610,11
51153000601,11
51153000602,10
51153000609,11
51153000603,11
51153000606,11
51153000605,10
51153000608,11
51153000512,10
51121000101,37
51121000102,37
51121000103,37
51121000701,37
51121000201,37
51121002032,37
51121000301,37
51121000204,37
51121000202,37
51121000501,37
51121000304,37
51121000303,37
51121000702,37
51121000302,37
51121000405,37
51121000402,37
51121004032,37
51121000404,37
51121000502,37
51121000503,37
51121000601,37
51121000602,37
51121000401,37
51121000603,37
51085000602,26
51085000502,26
51085000406,26
51085000101,27
51085000104,27
51085000105,27
51085000107,27
51085000106,27
51085000208,26
51085000206,26
51085000704,27
51085000210,27
51085000203,27
51085000202,27
51085000209,31
51085000201,31
51085000304,27
51085000301,26
51085000305,27
51085000303,26
51085000701,27
51085000702,31
51085000703,31
51085000705,27
51085000405,26
51085000403,26
51085000401,26
51085000404,26
51085000506,26
51085000507,26
51085000503,26
51085000504,26
51085000603,26
51085000601,26
51085000604,26
51085000505,26
51153000504,10
51153000509,10
51153000513,10
51153000514,10
51153000506,10
51153000502,10
51153000501,10
51153000310,11
51153000304,11
51153000301,11
51153000303,11
51153000312,11
51153000311,11
51153000309,11
51153000305,11
51153000306,11
51153000302,11
51153000307,11
51153000313,11
51153000308,11
51153000314,11
51153000510,10
51153000508,10
51153000511,10
51153000505,10
51153000503,10
51153000701,10
51153000704,11
51153000708,11
51153000712,11
51153000707,10
51107000213,8
51107000219,8
51107000210,8
51107000218,8
51107000209,8
51107000216,8
51107000217,8
51107000208,8
51107000215,8
51107000214,8
51107000207,8
51107000810,9
51107000808,8
51107000814,8
51107000822,8
51107000815,8
51107000819,9
51107000818,9
51107000820,8
51107000813,8
51107000817,9
51107000315,8
51107000303,8
51107000301,8
51107000316,9
51107000307,9
51107000308,9
51107000305,8
51107000302,8
51107000309,9
51107000311,8
51107000310,8
51107000313,9
51107000319,9
51107000312,9
51107000318,9
51107000320,9
51107000321,9
51107000627,8
51107000622,8
51107000629,9
51107000625,9
51107000628,9
51107000619,8
51107000621,9
51107000620,8
51107000617,9
51107000615,9
51107000626,8
51107000616,9
51107000623,8
51107000707,9
51107000710,9
51107000709,8
51107000708,8
51107000702,9
51107000703,9
51107000705,9
51107000701,9
51107000411,8
51107000409,8
51107000416,8
51107000403,8
51107000401,8
51107000402,8
51107000408,8
51107000420,8
51107000413,8
51107000407,8
51107000421,8
51107000414,8
51107000314,9
51107000504,8
51107000509,8
51107000505,8
51107000502,8
51107000507,8
51107000506,8
51107000503,8
51107000510,8
51107000120,9
51107000121,9
51107000114,9
51107000119,9
51153000706,11
51153000703,10
51153000705,10
51153000709,11
51153000710,11
51153000702,11
51153000711,10
51153000507,10
51121002031,37
51121004031,37
51107000117,9
51107000107,9
51107000122,9
51107000123,9
51107000124,9
51107000108,9
51107000125,9
51107000118,9
51107000112,9
51107000508,8
51107000501,8
51087000111,15
51087000108,27
51087000115,27
51087000102,27
51087000105,27
51087000114,28
51087000106,27
51087000110,27
51087000117,28
51087000103,27
51087000112,27
51087000113,15
51087000109,27
51087000101,27
51087000217,15
51087000223,15
51087000213,15
51087000203,15
51087000207,15
51087000214,15
51087000202,15
51087000216,15
51087000220,15
51087000205,15
51087000222,15
51087000211,15
51087000215,15
51087000209,15
51087000206,15
51087000212,15
51087000219,15
51087000201,15
51087000210,15
51087000208,15
51087000204,15
51087000218,15
51087000224,15
51087000303,27
51087000306,27
51087000309,27
51087000302,27
51087000307,27
51087000311,27
51087000301,27
51087000315,27
51087000313,27
51087000305,27
51087000504,15
51087000507,15
51087000511,15
51087000515,15
51087000506,15
51087000514,15
51087000516,15
51087000518,15
51087000517,15
51087000508,15
51087000509,15
51087000312,27
51087000304,27
51087000308,27
51087000405,27
51087000409,28
51087000407,27
51087000419,27
51087000416,28
51087000406,27
51087000418,28
51087000408,27
51087000505,15
51087000310,27
51087000401,27
51087000417,28
51087000513,15
51087000512,15
51087000411,27
51087000415,27
51087000404,27
51087000414,28
51087000221,15
51087000314,27
51087000402,27
51087000412,27
51087000413,27
51087000502,15
51087000410,28
51087000403,28
51087000510,15
51087000503,15
51087000501,15
51059000131,6
51059000126,4
51059000109,2
51059000133,4
51059000130,4
51059000306,5
51059000331,5
51059000323,5
51059000324,5
51059000315,5
51059000311,5
51059000303,5
51059000316,5
51059000301,5
51059000312,5
51059000302,5
51059000325,5
51059000307,5
51059000328,5
51059000329,5
51059000708,5
51059000214,6
51059000238,5
51059000203,6
51059000201,5
51059000208,5
51059000202,6
51059000236,5
51059000209,5
51059000213,6
51059000237,6
51059000218,6
51059000204,6
51059000229,6
51059000226,5
51059000221,6
51059000418,4
51059000619,3
51059000216,6
51059000223,6
51059000613,3
51059000622,3
51059000630,3
51059000606,3
51059000240,5
51059000618,4
51059000621,3
51059000219,5
51059000602,3
51059000626,4
51059000833,4
51059000825,4
51059000847,6
51059000846,6
51059000801,4
51059000848,6
51059000812,4
51059000605,3
51059000811,4
51059000609,3
51059000843,6
51059000614,3
51059000612,3
51059000804,4
51059000844,6
51059000233,5
51059000222,5
51059000849,4
51059000404,3
51059000419,3
51059000410,3
51059000421,3
51059000428,3
51059000429,3
51059000401,3
51059000408,3
51059000415,4
51059000405,3
51059000427,3
51059000406,3
51059000225,6
51059000723,2
51059000915,7
51059000932,7
51059000713,2
51059000903,7
51059000921,7
51059000913,7
51059000904,6
51059000910,7
51059000732,6
51059000709,2
51059000917,7
51059000731,5
51059000721,2
51059000701,6
51059000909,6
51059000930,6
51059000714,2
51059000933,7
51059000920,6
51059000923,7
51059000705,2
51059000727,6
51059000703,2
51059000729,6
51059000527,3
51059000522,2
51059000518,2
51059000707,2
51059000519,2
51059000504,2
51059000511,2
51059000525,2
51059000513,2
51059000515,2
51059000516,0
51059000925,7
51059000508,2
51059000914,6
51059000514,0
51059000521,2
51059000512,2
51059000502,2
51059000507,0
51059000517,2
51059000505,2
51059000503,2
51059000530,2
51059000720,5
51059000734,2
51059000510,0
51059000733,5
51059000911,6
51059000501,0
51059000905,6
51059000526,3
51059000523,2
51059000528,2
51059000506,2
51059000919,7
51059000927,6
51059000929,6
51680000403,32
51680000303,32
51680000204,32
51680000401,32
51680000305,32
51680000304,32
51680000103,32
51680000201,32
51680000102,32
51680000202,32
51680000302,32
51680000203,32
51680000301,32
51680000404,32
51680000101,32
51680000105,32
51680000402,32
51680000104,32
51059000700,2
51059000520,0
51059000509,0
51059000735,5
51059000125,4
51059000132,6
51059000129,4
51059000120,4
51059000134,4
51059000114,2
51059000128,4
51059000314,5
51059000309,5
51059000327,5
51059000319,5
51059000332,6
51059000318,5
51059000310,5
51059000321,5
51059000333,5
51059000305,5
51059000320,5
51059000322,5
51059000317,5
51059000304,5
51059000220,6
51059000224,6
51059000845,4
51059000628,4
51059000235,6
51059000803,4
51059000623,4
51059000616,3
51059000627,3
51059000629,4
51059000607,3
51059000601,3
51059000610,3
51059000615,3
51059000604,3
51059000227,5
51059000617,3
51059000839,4
51059000815,4
51059000824,4
51059000827,4
51059000807,4
51059000840,4
51059000806,4
51059000608,3
51059000851,6
51059000611,3
51059000838,4
51059000850,4
51059000841,4
51059000234,5
51059000805,4
51059000409,3
51059000411,3
51059000423,3
51059000420,3
51059000403,3
51059000417,4
51059000402,3
51059000413,3
51059000842,4
51059000426,4
51059000424,3
51059000422,3
51059000802,6
51059000710,2
51059000931,6
51059000916,6
51059000711,2
51059000902,6
51059000928,7
51059000924,7
51059000926,7
51059000718,2
51059000908,6
51059000704,5
51059000726,5
51059000730,6
51059000712,2
51059000918,7
51059000717,2
51059000901,7
51059000117,2
51059000116,2
51059000104,2
51059000113,2
51059000108,4
51059000115,4
51059000110,4
51059000106,2
51059000127,4
51059000119,4
51059000105,4
51059000118,4
51059000121,4
51059000123,4
51021000101,38
51021000102,38
51021000401,38
51021000202,38
51021000201,38
51021000301,38
51021000302,38
51199000103,25
51199000102,25
51199000101,25
51199000302,25
51199000301,25
51199000201,25
51199000202,25
51199000403,25
51199000303,25
51199000402,25
51199000401,25
51199000502,25
51199000501,25
51011000102,35
51011000101,35
51011000502,35
51011000201,35
51011000401,35
51011000501,35
51011000202,35
51011000301,35
51011000302,35
51029000101,35
51029000601,35
51029000701,35
51029000501,35
51029000302,35
51029000301,35
51029000201,35
51029000502,35
51029000102,35
51029000401,35
51550000064,20
51550000065,24
51047000302,13
51047000303,13
51047000304,13
51047000602,13
51047000601,13
51047000603,13
51047000101,13
51047000201,13
51047000501,13
51047000502,13
51047000401,13
51047000402,13
51047000703,13
51047000702,13
51047000704,13
51109007011,31
51109007021,31
51109007022,31
51109007023,31
51109007012,31
51720000001,39
51830000001,18
51830000002,18
51520000001,39
51520000041,39
51520000002,39
51520000003,39
51520000042,39
51775000003,36
51775000009,36
51775000004,36
51775000001,36
51775000010,36
51775000007,36
51775000006,36
51775000008,36
51775000005,36
51775000002,36
51003000201,34
51003000202,34
51003000203,34
51003000106,34
51003000104,34
51003000101,34
51003000103,34
51003000105,34
51003000504,34
51003000501,34
51003000506,34
51003000502,34
51003000503,34
51003000302,34
51003000301,34
51003000304,34
51003000305,34
51003000306,34
51003000402,34
51003000401,34
51003000406,34
51003000405,34
51003000602,34
51003000601,34
51003000604,34
51003000603,34
51003000307,34
51590000009,33
51590000016,33
51590000015,33
51590000004,33
51590000010,33
51590000012,33
51590000008,33
51590000007,33
51590000006,33
51590000003,33
51590000001,33
51590000002,33
51590000014,33
51590000013,33
51590000011,33
51590000017,33
51678000001,30
51670000401,14
51670000101,14
51670000301,14
51670000201,14
51670000601,14
51670000501,14
51670000701,14
51159000101,26
51159000301,26
51159000401,26
51159000201,26
51159000501,26
51157000101,13
51157000502,13
51157000201,13
51157000301,13
51157000401,13
51157000501,13
51143000308,33
51143000307,33
51143000305,33
51143000309,33
51143000301,33
51143000204,33
51143000201,33
51143000207,33
51143000202,33
51143000206,33
51143000105,33
51143000106,33
51143000103,33
51143000108,33
51143000704,33
51143000702,33
51143000705,33
51143000703,33
51143000405,33
51143000402,33
51143000404,33
51143000501,35
51143000502,33
51143000503,33
51143000606,33
51143000603,33
51143000604,33
51143000607,33
51143000605,33
51139000101,29
51139000401,29
51139000201,29
51139000301,29
51139000501,29
51510000105,0
51510000205,0
51510000104,0
51510000103,0
51510000102,0
51510000110,0
51510000101,0
51510000208,0
51510000109,0
51510000207,0
51510000203,0
51510000210,0
51510000206,0
51510000209,0
51510000305,0
51510000204,0
51510000202,0
51510000107,0
51510000201,0
51510000306,0
51510000308,0
51510000302,0
51510000303,0
51510000307,0
51510000106,0
51510000108,0
51510000111,0
51510000304,0
51155000302,38
51155000304,38
51155000401,38
51155000402,38
51155000102,37
51155000103,38
51155000101,37
51155000201,38
51155000203,38
51155000202,38
51155000501,38
51155000301,38
51027000701,39
51027000603,39
51027000403,39
51027000702,39
51027000404,39
51027000302,39
51027000202,39
51027000602,39
51045000501,37
51045000201,37
51045000101,37
51045000403,37
51045000402,37
51045000401,37
51045000301,37
51045000303,37
51019000203,32
51019000204,32
51019000302,32
51019000301,32
51019000303,32
51019000305,32
51019000506,32
51019000604,32
51019000602,32
51019000601,32
51019000603,32
51019000704,32
51019000703,32
51019000701,32
51019000702,32
51019000102,32
51019000104,32
51019000103,32
51019000101,32
51019000202,32
51019000201,32
51019000205,32
51019000306,32
51019000304,32
51019000401,32
51019000403,32
51019000402,32
51019000404,32
51019000505,32
51019000503,32
51019000502,32
51019000504,32
51770000002,36
51770000003,36
51770000020,36
51770000019,36
51770000013,36
51770000016,36
51770000008,36
51770000017,36
51770000010,36
51770000011,36
51770000009,36
51770000004,36
51770000014,36
51770000007,36
51770000005,36
51770000012,36
51770000006,36
51770000018,36
51770000015,36
51770000001,36
51035000406,38
51035000503,38
51037000702,35
51037000201,35
51037000302,35
51037000101,35
51037000501,35
51037000602,35
51037000401,35
51035000103,38
51035000102,38
51035000101,38
51035000203,38
51035000105,38
51035000202,38
51035000201,38
51035000301,38
51035000302,38
51035000303,38
51035000502,38
51035000501,38
51035000402,38
51035000401,38
51035000504,38
51033000102,26
51033000101,26
51033000201,26
51033000601,26
51033000202,26
51033000602,26
51033000501,26
51033000502,26
51033000302,26
51033000301,26
51033000401,26
51033000402,26
51163000301,37
51163000103,37
51163000102,37
51163000303,37
51163000101,37
51163000104,37
51163000202,30
51163000201,37
51163000203,30
51163000302,37
51163000501,30
51163000504,30
51163000503,30
51163000502,30
51163000401,30
51163000403,30
51163000402,30
51137000102,31
51137000101,31
51137000201,31
51137000301,31
51137000302,31
51137000502,31
51137000501,31
51137000402,31
51137000202,31
51137000401,31
51650000202,19
51650000110,19
51650000203,25
51650000212,19
51650000115,19
51650000109,19
51650000103,19
51650000214,19
51650000105,19
51650000102,19
51650000112,19
51650000208,19
51650000108,19
51650000209,19
51650000104,19
51650000210,19
51650000101,19
51650000213,25
51650000205,25
51650000117,19
51650000201,19
51650000204,19
51650000217,19
51650000216,19
51650000118,19
51650000107,19
51650000116,19
51650000111,19
51650000106,19
51650000215,19
51051000101,39
51051000203,39
51051000202,39
51051000201,39
51051000401,39
51051000302,39
51051000303,39
51051000301,39
51051000501,39
51051000502,39
51109000502,31
51109000501,31
51109000503,31
51109000401,31
51109000202,31
51109000101,31
51109000302,31
51109000102,31
51109000301,31
51109000602,31
51109000601,31
51109000201,31
51109000402,31
51171000503,29
51171000601,29
51171000302,29
51171000304,29
51171000103,29
51171000202,29
51171000101,29
51171000201,29
51171000401,29
51171000303,29
51171000501,29
51171000504,29
51071000202,37
51071000201,37
51071000203,37
51071000103,37
51071000302,37
51071000301,37
51071000303,37
51071000101,37
51071000102,37
51057000401,26
51057000201,26
51057000301,26
51057000101,26
51069000101,29
51069000102,29
51069000104,29
51069000103,29
51069000201,29
51069000202,29
51069000204,29
51069000203,29
51069000603,29
51069000601,29
51069000301,29
51069000303,29
51069000502,29
51069000503,29
51069000602,29
51069000302,29
51069000401,29
51069000403,29
51069000402,29
51069000404,29
51069000501,29
51065000201,31
51065000401,31
51065000301,31
51065000501,31
51065000101,31
51063000401,38
51063000301,38
51063000501,38
51063000201,38
51063000101,38
51027000501,39
51027000502,39
51027000203,39
51027000103,39
51027000503,39
51027000102,39
51027000301,39
51027000601,39
51760000115,28
51760000215,15
51760000415,28
51165000406,30
51750000004,37
51003000407,34
51003000606,34
51003000507,34
51179000403,12
51179000404,12
51179000402,12
51179000401,11
51179000503,12
51179000501,12
51179000502,12
51179000504,12
51079000401,13
51079000101,13
51079000102,13
51079000201,13
51079000301,13
