"GEOID20",assignment
29165000035,0
29165000019,0
29165000039,0
29165000015,0
29165000024,0
29165000023,0
29165000026,0
29165000032,0
29165000027,0
29165000010,0
29165000004,0
29165000017,0
29165000028,1
29165000025,1
29165000013,1
29165000040,1
29165000033,1
29165000042,1
29165000012,1
29165000031,1
29165000003,1
29047000020,2
29047000040,2
29047000049,2
29047000048,2
29047000051,2
29047000021,2
29047000052,2
29047000031,2
29047000054,2
29047000053,2
29047000016,2
29047000041,2
29047000045,2
29047000013,3
29047000035,3
29047000023,3
29047000022,3
29047000009,3
29047000011,3
29047000015,3
29047000012,3
29047000014,3
29047000017,3
29047000010,3
29047000024,3
29047000029,3
29047000030,4
29047000036,4
29047000046,4
29047000047,4
29047162127,4
29047000033,4
29047000032,4
29047000050,4
29047000044,5
29047000038,5
29047000002,5
29047000039,5
29047000034,5
29047000042,5
29047000043,5
29047000068,5
29047000026,5
29047000069,5
29047000064,5
29047000063,5
29047000059,5
29047000027,6
29047000066,6
29047000070,6
29047000067,6
29047000062,6
29047000065,6
29047000060,6
29047000061,6
2904716-216,6
29047000071,7
29047000006,7
29047000007,7
29047000005,7
29047000004,7
29047000077,7
29047000003,7
29047000076,7
29047000078,7
29047000057,7
29047000058,7
29047000056,7
29047000055,14
29047000072,7
2904716-214,6
2904716-215,6
29047000025,7
29047000028,8
29047000075,8
29047000074,8
29047000073,8
29047000037,8
29165000020,8
29165000014,8
29165000002,8
29165000021,8
29165000034,8
29165000037,9
29165000038,9
29165000030,9
29165000005,9
29165000041,9
29165000011,9
29165000036,9
29165000022,9
29165000029,9
29165000008,9
29165000044,9
29165000043,9
29165000006,9
29165000007,9
29165000009,9
29165000018,9
29021000028,9
29021000033,9
29021000030,9
29021000029,9
29021000027,9
29021000032,9
29021000011,10
29021000002,10
29021000004,10
29021000006,10
29021000001,10
29021000020,10
29021000021,10
29021000010,10
29021000008,10
29021000014,10
29021000016,9
29021000018,11
29021000012,11
29021000023,11
29021000024,11
29021000035,9
29021000034,11
29021000022,11
29021000031,9
29165000016,9
29003000007,11
29003000003,11
29003000006,11
29003000002,11
29003000005,11
29003000004,11
29003000011,11
29005000002,12
29005000006,12
29005000007,12
29005000004,12
29005000005,12
29087000002,12
29087000006,12
29087000005,12
29087000004,12
29087000007,12
29087000003,12
29003000017,12
29003000009,12
29003000008,12
29003000021,12
29003000016,12
29003000020,12
29003000013,12
29003000014,12
29003000012,12
29003000010,12
29003000019,12
29003000018,12
29003000015,12
29147000004,12
29147000012,12
29147000010,12
29147000011,12
29147000017,12
29147000006,12
29147000020,12
29147000003,12
29147000013,12
29147000016,12
29147000014,12
29147000015,12
29147000002,12
29147000018,13
29147000005,13
29147000007,13
29147000008,13
29147000009,13
29147000019,13
29227000004,13
29227000008,13
29227000003,13
29227000007,13
29227000005,13
29227000006,13
29227000002,13
29075000007,13
29075000014,13
29075000004,13
29075000006,13
29075000005,13
29075000009,13
29075000008,13
29075000002,13
29075000003,13
29075000011,13
29075000010,13
29075000012,13
29075000013,13
2908116-012,13
29081000009,13
29081000003,13
29081000004,13
29081000010,13
29081000008,13
29061000012,13
29061000008,13
29063000012,13
29063000011,13
29063000009,13
29049000008,14
29049000003,14
29049000002,14
29049000005,14
29049000006,14
29049000007,14
29025000389,14
29025000390,14
29025000277,14
29025000284,14
29025000280,14
29025000358,14
29025000356,14
29025000353,14
29025000281,14
29025000357,14
29177000017,15
29177000003,15
29177000010,15
29177000008,15
29177000009,15
29177000011,15
29177000014,15
29177000005,15
29177000019,15
29177000004,15
29177000013,15
29177000012,15
29177000016,15
29177000015,15
29177000018,15
29177000002,15
29177000007,15
29177000006,15
29033000014,15
2903316-016,15
29033000013,15
29033000010,15
2903316-017,15
2903316-004,15
2903316-001,15
29033000009,15
29033000012,15
29033000007,15
2903316-003,15
2903316-019,15
29033000006,15
29041000381,15
29041000352,15
29041000386,15
29041000424,15
29041000503,15
29041000354,15
29041000392,15
29041000431,15
29041000465,15
29041000346,15
29041000344,15
29041000418,15
29063000004,14
29063000003,14
29063000008,14
29063000010,14
29063000002,13
29063000007,13
29063000006,13
29063000005,13
29061000002,13
29061000016,13
2906116-017,13
29061000009,13
29129000005,13
29129000002,13
29129000009,13
29129000008,13
29129000006,13
29129000004,13
29129000003,13
29129000007,13
29129000010,13
29079000010,13
29079000002,13
29079000016,13
29079000003,13
29079000011,13
29079000007,13
29079000006,13
29079000015,16
29079000012,16
29079000008,16
29079000013,16
29079000014,16
29079000005,16
29079000004,16
29079000009,16
29079000017,16
29117000014,16
29117000007,16
29117000013,16
29117000010,16
29117000011,16
29117000006,16
29117000012,16
29117000005,16
29117000009,16
29117000008,16
29117000015,16
29115000011,16
29115000022,16
29115000002,16
29115000010,16
29115000017,16
29115000014,16
29115000003,16
29115000004,16
29115000012,16
29115000013,16
29115000023,16
29115000015,16
29115000016,16
29115000007,16
29115000009,16
29115000006,16
29115000008,16
29115000024,16
29115000005,16
29115000019,16
29115000020,16
29115000021,16
29115000018,16
29211000018,16
29211000004,16
29211000016,16
29211000014,16
29211000020,16
29211000008,16
29211000009,16
29211000012,16
29211000017,16
29211000011,16
29211000019,16
29001000007,17
29001000008,17
29001000009,17
29001000003,17
29001000004,17
29001000011,17
29001000005,17
29001000010,17
29001000006,17
2912112-014,17
29121000010,17
29121000012,17
29121000005,17
29121000008,17
29121000007,17
29121000011,17
29121000004,17
29121000003,17
29121000002,17
29121000013,17
29211000015,18
29211000013,18
29211000005,18
29211000010,18
29211000007,18
29211000002,18
29211000003,18
29211000006,18
29171000002,18
29171000008,18
29171000011,18
29171000007,18
29171000005,18
29171000009,18
29171000003,18
29171000004,18
29171000012,18
29171000013,18
29171000010,18
29171000006,18
29197000005,18
29197000002,18
29197000006,18
29197000008,18
29197000009,18
29197000004,18
29197000010,18
29197000007,18
29197000003,18
29199000002,18
29199000008,18
29199000004,18
29199000005,18
29199000006,18
29199000007,18
29199000003,18
29045000010,18
29045000004,18
29045000007,18
29045000005,18
29045000002,18
29045000008,18
29045000009,18
29045000006,18
29045000003,18
29111000011,18
29111000006,18
29111000007,18
29111000003,18
29111000002,18
29111000008,18
29103000003,18
29103000002,18
29103000004,18
29103000007,18
29103000005,18
29103000006,18
29001000002,18
29127000019,19
29127000002,19
29127000013,19
29127000022,19
29127000008,19
2912716-033,19
2912716-032,19
2912716-031,19
2912716-034,19
29127000023,19
29127000009,19
29127000003,19
29127000004,19
29127000016,19
29127000014,19
2912716-020,19
29127000006,19
2912716-030,19
29173000010,19
29173000004,19
29173000009,19
29173000003,19
29173000005,19
29173000007,19
29173000002,19
29205000008,20
29205000009,20
29205000004,20
29205000003,20
29205000002,20
29205000007,20
29205000006,20
29205000005,20
29137000007,20
2913716-015,20
29137000002,20
29137000009,20
29137000004,20
29137000003,20
29137000006,20
2913716-014,20
29137000005,20
2913716-020,20
2913716-021,20
29137000008,20
29175000016,20
29175000015,20
29175000004,20
29175000010,20
29175000005,20
29175000008,20
29175000007,20
29175000013,20
29175000002,20
29175000009,20
29175000011,20
29175000014,20
29175000017,20
29175000006,20
29175000012,20
29175000003,20
29095000149,21
29095000175,21
29095000150,21
29095000151,21
29095000153,21
29095000152,21
29095000148,21
29095000155,21
29095000156,21
29095000437,21
29095000436,21
29095000442,21
29095000433,21
29095000431,22
29095000430,21
29095000426,21
29095000154,21
29095000427,21
29095000429,21
29095000428,21
29095000159,21
29095000438,21
29095000435,22
29095000443,22
29095000441,22
29095000440,22
29095000439,22
29095K16512,22
29095000451,22
29095000452,22
29095000450,22
29095000448,22
29095000449,22
29095KC1042,22
29095K16469,22
29095000444,22
29095K16513,22
29095K16457,22
29095000447,22
29095K16463,22
29095K16467,22
29095000425,21
29095000446,22
29095000434,22
29095K16459,22
29095000467,22
29095000235,22
29095000464,22
29095000238,22
29095000432,22
29095K16449,22
29095000457,22
29095000453,22
29095000454,22
29095K16611,22
29095000455,22
29095000456,22
29095000474,22
29095000475,22
29095000476,22
29095K16815,22
29095K16814,22
29095000477,22
29095K16615,22
29095000485,22
29095000236,22
29095KC1110,23
29095000176,23
29095KC1113,23
29095000196,23
29095000197,23
29095000184,23
29095000187,23
29095000190,23
29095000191,23
29095000189,23
29095000188,23
29095000192,23
29095KC1111,23
29095000179,23
29095000180,23
29095000183,23
29095000186,23
29095KC1107,23
29095000181,23
29095000177,23
29095000178,23
29095000313,23
29095000310,23
29095000185,23
29095000201,23
29095000193,23
29095000194,23
29095KC1212,23
29095000198,23
29095KC1311,23
29095000202,23
29095000195,23
29095KC1310,23
29095000002,23
29095000200,23
29095160102,23
29095000016,23
29095KC1209,23
29095000182,23
29095000458,22
29095000424,22
29095000480,22
29095000479,22
29095K16804,22
29095000478,22
29095000251,22
29095000157,24
29095000300,24
29095000298,24
29095K16218,24
29095000299,24
29095000308,24
29095000301,24
29095K16106,24
29095000311,24
29095000207,24
29095000307,24
29095000208,24
29095000209,24
29095000204,24
29095000210,24
29095000205,24
29095000219,24
29095000211,24
29095000217,24
29095000214,24
29095000216,24
29095000215,24
29095000213,24
29095000305,24
29095000312,24
29095000306,24
29095000303,24
29095000302,24
29095K16419,24
29095000304,24
29095K16207,24
29095000212,24
29095000218,24
29095KC1504,24
29095k16429,24
29095000413,24
29095K16316,24
29095000414,24
29095000415,24
29095000416,24
29095000220,24
29095000222,24
29095000223,24
29095000422,24
29095000206,24
29095000203,24
29095KC1313,24
29095KC1314,24
29095KC1523,24
29095K16439,22
29095000412,22
29095000421,25
29095000459,25
29095000423,25
29095000460,25
29095000461,25
29095000419,25
29095000418,25
29095000420,25
29095000231,25
29095K16718,25
29095000233,25
29095000227,25
29095000224,25
29095000221,25
29095000232,25
29095000226,25
29095KC1516,25
29095000225,25
29095KC1507,25
29095000230,25
29095000417,25
29095000463,25
29095000234,25
29095000229,25
29095000228,25
29095000471,25
29095000470,25
29095000462,25
29095000469,25
29095000241,25
29095000243,25
29095000250,25
29095000239,25
29095000245,25
29095000246,25
29095000249,25
29095000248,25
29095KC1515,25
29095000247,25
29095000258,25
29095000257,25
29095000244,25
29095000242,25
29095000253,25
29095000255,25
29095000256,25
29095KC1607,25
29095000337,25
29095000353,25
29095000346,25
29095000347,25
29095000348,25
29095KC2312,25
29095000349,25
29095KC2304,25
29095000350,25
29095000481,26
29095000482,26
29095K16811,26
29095000483,26
29095K16903,26
29095000484,26
29095000490,26
29095K16913,26
29095000491,26
29095000273,26
29095000272,26
29095000265,26
29095000271,26
29095000266,26
29095000264,26
29095000254,26
29095000263,26
29095000267,26
29095000259,26
29095000268,26
29095000269,26
29095000270,26
29095000279,26
29095000276,26
29095000280,26
29095000260,26
29095000486,26
29095000286,26
29095000285,26
29095000275,26
29095000282,26
29095KC1905,26
29095000284,26
29095000281,26
29095000292,26
29095000289,26
29095000283,26
29095000293,26
29095KC1907,26
29095KC1920,26
29095000287,26
29095000288,26
29095000295,26
29095000291,26
29095000172,26
29095000169,26
29095000168,26
29095KC1904,26
29095000261,26
29095000278,26
29095000277,26
29095000399,26
29095000400,26
29095000402,26
29095000488,27
29095000489,27
29095000492,27
29095000494,27
29095000496,27
29095000493,27
29095000495,27
29095000296,27
29095000162,27
29095000497,27
29095000160,27
29095000161,27
29095000164,27
29095000165,27
29095000167,27
29095000163,27
29095KC1004,27
29095000166,27
29095000324,27
29095000174,27
29095000327,27
29095KC1010,27
29095000326,27
29095000319,27
29095000173,26
29095KC1915,26
29095000318,27
29095000317,27
29095KC2003,27
29095000316,27
29095000321,27
29095KC2010,27
29095000322,27
29095KC1916,27
29095000320,27
29095000328,27
29095000330,28
29095000329,28
29095000331,28
29095000333,28
29095KC2212,28
29095000335,28
29095KC2201,28
29095000332,28
29095KC2213,28
29095000334,28
29095000663,28
29095000662,28
29095000664,28
29095000650,28
29095000655,28
29095000656,28
29095000654,28
29095000660,28
29095000648,28
29095000658,28
29095000661,28
29095000651,28
29095000396,28
29095KC2512,28
29095000397,28
29095000395,28
29095000389,29
29095000390,29
29095000391,29
29095000392,29
29095000394,29
29095000401,29
29095000387,29
29095000393,29
29095000398,29
29095000388,29
29095000407,29
29095000409,29
29095KC2612,29
29095000408,29
29095000314,29
29095000315,29
29095000290,29
29095000403,29
29095000405,29
29095KC2608,29
29095KC2611,29
29095KC2613,29
29095000404,29
29095000375,29
29095000374,29
29095000386,29
29095KC2607,29
29095000406,29
29095000371,29
29095000372,29
29095000373,29
29095KC2419,29
29095BR1612,29
29095BR1611,29
29095000125,29
29095000116,29
29095000129,29
29095000344,30
29095KC2308,30
29095000343,30
29095KC2302,30
29095BR1610,30
29095000345,30
29095000354,30
29095000136,30
29095000109,30
29095000120,30
29095000130,30
29095000131,30
29095BR1608,30
29095000134,30
29095000132,30
29095BR1620,30
29095BRNO06,30
29095000341,30
29095KC2301,30
29095000342,30
29095000084,30
29095000357,30
29095000356,30
29095000355,30
29095KC1520,30
29095000340,30
29095000339,30
29095000123,30
29095BR1613,30
29095000128,30
29095BR1619,30
29095000364,30
29095000338,31
29095000057,31
29095000056,31
29095000055,31
29095000052,31
29095000090,31
29095000088,31
29095000091,31
29095000092,31
29095000064,31
29095000059,31
29095000061,31
29095000047,31
29095000082,31
29095000081,31
29095000107,31
29095000087,31
29095000086,31
29095000060,31
29095000054,31
29095000062,31
29095000359,31
29095000358,32
29095KC2403,32
29095000378,32
29095000361,32
29095KC2430,32
29095000360,32
29095KC2414,32
29095000382,32
29095000379,32
29095KC2428,32
29095000363,32
29095000362,32
29095000554,32
29095000369,32
29095KC2427,32
29095000365,32
29095000366,32
29095000385,32
29095000368,32
29095KC2416,32
29095000370,32
29095KC2423,32
29095000383,32
29095000518,32
29095000519,32
29095000523,32
29095000536,32
29095000524,32
29095000525,32
29095000527,32
29095000097,32
29095000099,32
29095000096,32
29095000569,32
29095SB1602,32
29095000104,32
29095000103,32
29095000095,32
29095000100,32
29095000008,33
29095160103,33
29095160406,33
29095160104,33
29095000026,33
29095000050,33
29095000043,33
29095000025,33
29095000045,33
29095000044,33
29095000069,33
29095000079,33
29095000066,33
29095000071,33
29095000024,33
29095000067,33
29095000072,33
29095000003,34
29095000006,34
29095000010,34
29095000019,34
29095000020,34
29095000015,34
29095000017,34
29095000007,34
29095000032,34
29095000033,34
29095000022,34
29095000023,34
29095000076,34
29095000029,34
29095000035,34
29095000036,34
29095000034,34
29095000037,34
29095000031,34
29095000140,34
29095000143,34
29095000030,34
29095000138,34
29095FO1601,34
29095000606,34
29095000593,34
29095000622,34
29095000142,35
29095000147,35
29095000144,35
29095000146,35
29095000145,35
29095FO1609,35
29095000612,35
29095000631,35
29095000633,35
29095000632,35
29095000637,35
29095000616,35
29095000617,35
29095000614,35
29095000619,35
29095000638,35
29095SB1649,35
29095000634,35
29095000608,35
29095000607,35
2909516-101,35
29095000610,35
29095000641,35
29095000643,35
29095VB1617,35
29095000644,35
29095000626,35
29095SB1616,35
29095SB1683,35
29095000629,35
29095000604,35
29095000582,36
29095000620,36
29095000613,36
29095000570,36
29095000630,36
29095000572,36
29095000625,36
29095000573,36
29095000586,36
29095000584,36
29095000596,36
29095000591,36
29095000587,36
29095000579,36
29095000578,36
29095000590,36
29095000580,36
29095PR1601,32
29095000623,37
29095000581,37
29095000605,37
29095SB1634,37
29095SB1635,37
29095000556,37
29095000601,37
29095000603,37
29095000595,37
29095000599,37
29095000592,37
2909516-100,37
29095000555,37
29095VB1601,37
29095000639,37
29095000562,37
29095PR1654,37
29095VB1609,37
29095VB1603,37
29095PR1658,37
29095PR1657,37
29095VB1604,37
29095VB1606,37
29095000557,37
29095000642,37
29095VB1607,37
29095VB1613,37
29095PR1663,37
29095000547,37
29095000542,37
29095000546,37
29095000544,37
29095000548,37
29095000568,37
29095000537,38
29095000532,38
29095000561,38
29095000539,38
29095000563,38
29095000540,38
29095000543,38
29095000564,38
29095000558,38
29095000538,38
29095000520,38
29095000529,38
29095000534,38
29095000531,38
29095PR1602,38
29095000505,38
29095000500,38
29095000501,38
29095000499,38
29095000503,38
29095000511,38
29095000508,39
29095000510,39
29095000506,39
29095000512,39
29095000509,39
29095000515,39
29095PR1625,39
29095PR1610,39
29095000514,39
29095000567,39
29095000517,39
29095000516,39
29095000550,39
29095000552,39
29095000566,39
29095000551,39
29095PR1661,39
29037000036,40
29037000040,40
29037000043,40
29037000042,40
29037000046,40
29037000044,40
29037000045,40
29037000041,40
29037000039,40
29037000038,40
29037000037,40
29037000027,40
29037000026,41
29037000025,41
29037000030,41
29037000035,41
29037000033,41
29037000047,41
29037000032,41
29037000034,41
29037000031,41
29037000029,41
29037000008,40
29037000009,40
29095000645,42
29095VB1611,42
29095VB1610,42
29095VB1608,42
29095000640,42
29037000019,42
29037000023,42
29037000021,42
29037000020,42
29037000022,42
29037000028,42
29037000024,42
29037000012,42
29037000014,42
29037000013,42
29037000011,42
29037000010,42
29037000016,42
29037000018,42
29037000017,42
29037000015,42
29037000003,42
29037000002,42
29037000001,42
29037000006,40
29037000007,40
29037000005,40
29037000004,40
29107000017,43
29107000018,43
29107000021,43
29107000014,43
29107000006,43
29107000011,43
29107000012,43
29107000019,43
29107000015,43
29107000013,43
29107000003,43
29107000009,43
29107000008,43
29107000020,43
29107000016,43
29107000010,43
29107000002,43
29107000005,43
29107000004,43
29107000007,43
29195000010,43
29195000011,43
29195000004,43
29195000012,43
29195000003,43
29195000008,44
29195000007,44
2919516-015,44
2919516-016,44
2919516-014,44
2919516-013,44
29195000005,44
29195000006,44
29089000008,44
29089000007,44
29089000009,44
29089000003,44
29089000006,44
29089000005,44
29089000004,44
29089000002,44
29101000014,45
29101000010,45
29101000011,45
29101000013,45
29101000009,45
29101000017,45
29101000008,45
29101000003,45
29101000004,45
29101000002,45
29101000020,46
29101000006,46
29159000025,47
29159000027,46
29159000003,47
29159000006,47
29159000024,47
29159000022,47
29159000008,47
29159000017,47
29159000020,47
29159000013,47
29159000012,47
29159000009,47
29159000011,47
29159000014,47
29159000018,47
29159000023,47
29159000019,47
29159000016,47
29159000015,47
29159000021,47
29159000010,47
29159000005,47
29159000026,47
29159000007,47
29185000007,48
29185000012,48
29185000013,48
29185000003,48
29185000010,48
29185000004,48
29185000009,48
29185000015,48
29185000016,48
29185000006,48
29185000014,48
29185000002,48
29185000005,48
29185000008,48
29185000019,48
29185000011,48
29185000017,48
29185000018,48
29015000008,48
29015000009,48
290150012-6,48
29015000002,48
29015000005,48
29015000007,48
29015000004,48
29015000001,48
29085000005,48
29085000011,48
29085000003,48
29085000010,48
29085000009,48
29085000004,48
29085000002,48
29085000006,48
29085000007,48
29085000008,48
29083000015,46
29083000013,46
29083000003,46
29083000010,46
2908316-020,46
29083000011,46
29013002849,49
29013002701,49
29013002767,49
29013002814,49
29013002705,49
29013002703,49
29013002801,49
29013002825,49
29013002868,49
29013002892,49
29013002850,49
29013002904,49
29013002722,49
29013002847,49
29013002930,49
29159000004,45
29159000002,45
29101000015,46
29101000007,46
29101000019,46
29101000018,46
29101000012,46
29101000016,46
29101000005,46
29101000021,46
29083000002,49
29083000004,49
29083000009,49
29217000006,49
29217000012,49
29217000016,49
29217000017,49
29217000011,49
29217000005,49
29217000010,49
29217000004,49
29217000014,49
29217000007,49
29217000002,49
29217000008,49
29217000015,49
29217000013,49
29217000003,49
29217000009,49
29053000007,44
29053000009,44
29053000008,44
29053000005,50
29053000004,50
29053000011,50
29053000012,50
29053000013,50
29053000002,50
29053000010,50
29053000006,50
29135000009,50
29135000005,50
29135000010,50
29135000012,50
29135000004,50
29135000008,50
29135000002,50
29135000003,50
29135000013,50
29135000011,50
29135000007,50
29135000006,50
29141000016,50
29141000013,50
29141000014,50
29141000005,50
29141000006,50
29141000015,50
29141000004,50
29141000002,50
29141000003,50
29141000007,50
29141000011,50
29141000012,50
2901916-03I,51
2901900003B,51
2901900003C,51
2901900003F,51
2901916-03J,51
29019000041,51
29019000023,51
2901916-03N,51
2901916-03M,51
2901900003E,51
2901916-03H,51
29019000034,51
2901916-06J,51
29019000033,51
29019000017,51
2901916-03L,51
29019000024,51
2901900003A,51
29019000040,53
2901916-045,53
2901900002H,53
2901916-03G,51
2901900002C,53
2901900005A,52
2901900006F,52
2901900001E,52
2901900001I,52
2901900006B,52
2901900006C,52
2901900006A,52
2901900001B,52
2901916-06L,52
2901900006I,52
2901900006G,52
2901900005C,52
2901900005H,52
2901900005F,52
2901900006H,52
2901900006E,52
2901900005J,54
29019000022,53
2901900002I,53
2901900002F,53
2901900002B,53
2901900002J,53
2901900002A,53
2901900002D,53
2901916-02L,53
2901900002G,53
2901900003D,51
2901916-01M,51
2901900001A,51
2901900001D,53
2901900001C,53
2901900001G,53
2901900001F,53
2901916-01J,53
2901900004D,52
2901900004I,52
2901900004F,52
2901916-01L,53
2901916-01K,53
2901900004E,52
2901900005I,54
2901900005E,54
29019000036,54
2901900005B,54
2901916-044,54
2901900005G,54
2901900004H,54
2901900004A,54
2901900004G,54
2901900004J,54
2901900004L,54
2901900004B,54
29019000021,54
2901900004K,54
2901916-04M,54
2901916-05P,54
2901900005K,54
2901900005M,54
2901900004C,52
2901900005L,54
2901900002K,54
29019000037,54
29019000038,54
29019000018,54
29019000019,53
29019000020,53
29019000015,53
29019000007,53
29019000039,55
29019000008,55
29019000009,55
29019000011,55
29007000506,55
29019000012,55
29019000010,55
29019000016,55
29007000667,55
29007000502,55
29007000508,55
29007000623,55
29007000633,55
29007000642,55
29007000641,55
29007000616,55
29007000632,55
29007000545,55
2901916-05N,54
29019000027,54
29007000512,55
29007000510,55
29007000658,55
29007000657,55
29007000513,55
29019000025,51
2901916-06K,52
29019000042,56
29019000031,56
29019000032,56
29019000035,56
29019000030,56
2901916-043,56
29019000029,56
29019000026,56
2901900005D,56
29019000028,56
2901900006D,56
2901916-06M,56
29051000040,56
29051000005,56
29051000006,56
29051000041,56
29051000042,56
29051000043,56
29051000034,56
29051000036,56
29051000035,56
29051000037,56
29051000038,56
29051000039,56
29051000002,56
29051000052,56
29051000051,56
2905116-3-9,56
29051000032,57
2905116-411,57
2905116-410,57
2905116-2-6,57
29051000016,57
2905116-2-5,57
2905116-3-7,57
2905116-3-8,57
29051000004,57
2905116-514,57
2905116-513,57
2905116-512,57
29051000009,57
29051000007,58
29051000003,58
29051000049,58
29051000044,58
29051000050,58
29051000008,58
29051000046,58
2905116-001,58
2905116-002,58
29051000011,58
29051000010,58
29051000045,58
29151000015,58
29151000012,58
29151000007,58
29151000020,58
29151000009,58
29151000018,58
29151000014,58
29151000013,58
29151000004,58
29151000008,58
29151000005,58
29151000019,58
29151000011,58
29151000010,58
29151000006,58
29151000003,58
29151000002,58
29027001438,59
29027001190,59
29027001189,59
29027001306,59
29027001292,59
29027001081,58
29027001083,58
29027001584,59
29027001843,59
29027001989,59
29027001991,59
29027001297,59
29027001543,59
29027001763,59
29027001595,59
29027001350,58
29027001351,58
29027000826,59
29027000828,59
29027000998,59
29027001069,59
29027001271,59
29027000839,58
29027001272,59
29027000842,58
29131000016,60
29131000005,60
29131000008,60
29131000019,60
29131000009,60
29131000012,60
29131000023,60
29131000013,60
29131000029,60
29131000018,60
29131000011,60
29131000020,60
29141000008,60
29141000017,60
29141000009,60
29141000010,60
29029000015,61
29029000008,61
29029000025,61
29029000023,61
29029000002,61
29029000019,61
29029000014,61
29029000021,61
29029000024,61
29029000012,60
29029000022,61
29029000009,61
29029000005,61
29029000004,61
29029000003,61
29029000017,61
29029000013,61
29029000016,61
29029000018,61
29029000010,61
29029000007,61
29029000020,61
29029000011,61
29029000006,61
29097000029,62
29097000020,62
29097000018,62
29097000017,62
29097000022,62
29097000023,62
2909716-026,62
29097000024,62
29097000016,62
29097000043,62
29097000005,62
29097000026,63
29097000040,63
29097000013,63
29097000027,63
29097000045,63
29097000021,63
29097000006,63
29097000044,63
29097000036,63
2909716-004,63
29097000030,63
29097000037,63
29097000012,64
29097000014,65
29097000009,65
29097000046,65
29097000034,65
29097000007,65
29097000008,65
29097000010,65
29097000011,65
29097000032,64
29097000035,64
29097000042,64
29097000033,64
29097000041,64
29097000002,64
29097000038,64
29097000015,64
29097000031,64
2914516-028,65
2914516-027,65
2914516-021,65
29145000009,65
29097000019,64
29097000047,64
29097000004,64
29145000011,65
29097000003,64
29145000014,65
29011000016,64
29011000011,64
29011000010,64
29011000008,64
2901116-021,64
29011000004,64
2901116-018,64
29011000015,64
29145000016,66
29145000013,66
29145000007,66
29145000017,66
29145000005,66
29145000003,66
2914516-029,66
29145000018,66
2914516-030,66
2914516-032,66
29145000002,66
29145000008,66
29119000006,67
29119000020,67
29119000014,67
29119000012,67
29119000003,67
29119000002,67
29119000016,67
29119000018,67
29119000009,67
29119000015,67
29119000008,67
29119000017,67
29119000007,67
29119000019,67
29119000013,67
29119000004,67
29119000010,67
29119000011,67
29145000010,67
29145000012,67
29145000006,67
29145000004,67
29145000015,67
29009000023,67
29009000002,67
29009000022,67
29009000008,67
29009000020,67
29009000003,67
29009000004,67
29109000016,68
29109000009,68
29109000019,68
29109000002,68
29109000007,68
29109000013,68
29109000003,68
29109000008,68
29109000017,68
29109000018,68
29109000004,68
29109000020,68
29109000006,68
29109000005,68
29109000012,68
29109000010,68
29109000015,68
29109000014,68
29109000011,68
29009000021,69
29009000006,69
29009000014,69
29009000019,69
29009000009,69
29009000015,69
29009000018,69
29009000011,69
29009000017,69
29009000013,69
29009000012,69
29009000016,69
29009000005,69
29009000007,69
29009000010,69
29213000022,70
29213000006,70
29213000004,70
29213000005,70
29213000019,70
29209003935,70
29209003900,70
29209003889,70
29209003933,70
29209003938,70
29209003903,70
29209003908,70
29209003898,70
29209003842,69
29209003877,70
29209003814,70
29209003800,69
29209003782,69
29209003751,69
29209003723,69
29209003730,69
29209003794,69
29209003701,69
29209003699,69
29209003698,69
29213000016,71
29213000023,71
29213000020,71
29213000012,71
29213000011,71
29213000003,71
29213000014,71
29213000013,71
29213000015,71
29213000009,71
29213000002,71
29213000024,71
29213000017,71
29213000021,71
29213000018,71
29213000010,71
29077000101,72
29077000103,72
29077000066,72
29077000067,72
29077000065,72
29077000075,72
29077000073,72
29077000076,72
29077000080,72
29077000102,72
29077000050,72
29077000074,72
29077000100,72
29077000012,75
29077000044,75
29077000016,73
29077000030,73
29077000031,73
29077000042,73
29077000002,75
29077000021,74
29077000022,73
29077000023,73
29077000032,73
29077000020,73
29077000024,73
29077000026,73
29077000028,73
29077000004,74
29077000069,74
29077000095,74
29077000034,74
29077000010,74
29077000003,74
29077000008,75
29077000009,74
29077000033,74
29077000068,74
29077000086,74
29077000085,74
29077000019,74
29077000045,74
29077000005,74
29077000025,74
29077000027,74
29077000094,74
29077000090,74
29077000088,74
29077000087,74
29077000048,75
29077000047,75
29077000061,75
29077000046,75
29077000063,75
29077000083,75
29077000084,75
29077000049,75
29077000051,75
29077000060,75
29077000062,75
29077000064,75
29077000081,75
29077000052,75
29077000082,75
29077000053,75
29077000029,73
29077000071,73
29077000072,73
29077000059,73
29077000092,76
29077000006,76
29077000007,76
29077000057,76
29077000091,76
29077000093,76
29077000055,76
29077000056,76
29077000054,76
29077000089,76
29077000079,76
29077000077,76
29077000038,76
29077000113,77
29077000114,77
29077000078,77
29077000112,77
29077000097,77
29077000096,77
29077000036,77
29077000037,78
29077000039,78
29077000058,78
29077000098,78
29077000107,78
29077000104,78
29077000111,78
29077000013,78
29077000011,79
29077000035,79
29077000109,79
29077000099,79
29077000105,79
29077000043,79
29077000040,79
29077000014,79
29077000015,79
29077000041,79
29077000018,79
29077000017,79
29077000070,79
29077000106,79
29077000108,79
29077000110,79
29043000020,69
29043000012,80
29043000011,80
29043000025,80
29043000032,80
29043000031,80
29043000023,80
29043000024,80
29043000018,80
29043000017,80
29043000008,80
29043000022,81
29043000003,81
29043000004,81
29043000021,81
29043000034,81
29043000007,81
29043000015,81
29043000013,81
29043000014,81
29225000002,82
29225000008,82
29225000005,82
29225000011,82
2922512-020,82
2922514-017,82
2922516-018,82
29225000014,82
29225000012,82
29225000003,82
29225000013,82
29225000006,82
29225000010,82
2922516-015,82
2922516-016,82
2922512-019,82
29067000002,83
29067000014,83
29067000024,83
29067000008,83
29067000006,83
29067000017,83
29067000019,83
29067000012,83
29067000011,83
29067000020,83
29067000004,83
29067000010,83
29067000025,83
29067000015,83
29067000016,83
29067000021,83
29067000003,83
29067000018,83
29067000023,83
29067000005,83
29067000009,83
29067000007,83
29067000022,83
29067000013,83
29043000009,83
29043000005,83
29043000028,83
29043000026,83
29043000033,83
29043000030,83
29043000016,83
29043000019,83
29043000006,83
29043000002,83
29043000010,83
29043000029,83
29043000027,83
29153000005,83
29153000004,83
29153000008,83
29153000003,83
29153000009,83
29153000007,83
29153000002,83
29153000011,83
29153000006,83
29153000010,83
29229000008,83
29229000003,83
29229000006,83
29229000007,83
29091000009,84
29091000015,84
29091000003,84
29091000005,84
29091000012,84
29091000010,84
29091000007,84
29091012-22,84
29091000013,84
29091000014,84
29091000006,84
29091000008,84
29091000011,84
29091000017,84
29091000019,84
29091000020,84
29091000021,84
29091000002,84
29091000004,84
29091000018,84
29091000016,84
29057003246,85
29057003243,85
29057003294,85
29057003300,85
29057003244,85
29057003263,85
29057003289,85
29057003330,85
29039003178,85
29039003139,85
29039003129,85
29039003191,85
29039003192,85
29039003052,85
29039003054,85
29039003057,85
29039003092,85
29167000011,85
29167000003,85
29167000020,85
29167000002,85
29167000018,85
29167000007,85
29167000006,85
29167000015,85
29167000023,85
29167000019,85
29167000009,85
29167000016,85
29167000005,85
29167000012,86
29167000013,86
29167000021,86
29167000008,86
29167000010,86
29167000004,86
29167000022,86
29167000017,86
29167000014,86
29059000006,86
29059000009,86
29059000007,86
29059000008,86
29059000010,86
29059000003,86
29059000011,86
29059000005,86
29059000012,86
29059000004,86
29059000002,86
2910516-024,86
2910516-025,86
29105000015,86
29105000016,86
29105000020,86
29105000018,87
29105000019,87
29105000017,87
29105000012,87
2910516-027,87
29105000022,87
29105000005,87
2910516-026,87
29105000006,87
29105000023,87
29105000008,87
29105000007,87
29105000014,87
29105000004,87
29105000011,87
29105000002,87
29105000013,87
29105000009,87
29105000010,87
29169000006,87
29169000007,87
29229000005,88
29229000009,88
29229000004,88
29229000002,88
29215000008,88
29215000009,88
29215000014,88
29215000005,88
29215000020,88
29215000012,88
29215000003,88
29215000013,88
29215000018,88
29215000006,88
29215000002,88
29215000021,88
29215000017,88
29215000016,88
29215000011,88
29215000007,88
29215000022,88
29203000003,88
29203000011,88
29203000008,88
29203000010,88
29169000008,89
29169000010,89
29161000035,90
29161000018,90
29161000017,90
29161000022,90
29161000021,90
29161000020,90
29161000019,90
29161000025,90
29161000024,90
29161000037,90
29161000013,90
29161000036,90
29161000029,90
29161000033,90
29161000031,90
29161000030,90
29161000032,90
29161000014,90
29161000002,90
29161000005,90
29161000003,90
29161000004,90
29161000015,90
29161000016,90
29169000003,91
29169000009,91
29169000004,91
29161000008,91
29125000006,91
29125000003,91
29125000005,91
29125000010,91
29125000008,91
29125000007,91
29125000002,91
29125000004,91
29125000009,91
29073000004,91
29073000014,91
29073000016,91
29073000009,91
29073000013,91
29073000006,91
29073000010,91
29073000005,91
29073000007,91
29073000017,91
29073000015,91
29073000008,91
29073000011,91
29073000002,91
29073000012,91
29073000003,91
29161000034,91
29055000019,91
29055000004,91
29161000028,91
29055000010,91
29055000002,91
29055000009,91
29169000002,92
29161000027,92
29161000026,92
29161000007,92
29161000006,92
29065000005,92
29161000009,92
29161000010,92
29161000023,92
29161000012,92
29065000004,92
29065000003,92
29065000007,92
29065000006,92
29055000007,92
29055000013,92
29055000017,92
29055000016,92
29055000003,92
29161000011,92
29065000008,92
29065000002,92
29055000008,92
29055000006,92
29055000012,92
29055000011,92
29055000015,92
29055000014,92
29055000005,92
29055000018,92
29149000008,93
29149000013,93
29149000002,93
29149000004,93
29149000014,93
29149000015,93
29149000006,93
29149000007,93
29149000011,93
29149000003,93
29149000005,93
29149000010,93
29149000012,93
29149000016,93
29149000009,93
29203000004,93
29203000009,93
29203000002,93
29203000007,93
29203000006,93
29203000005,93
29035003628,93
29035003611,93
29035003694,93
29035003668,93
29035003731,93
29035003756,93
29035003789,93
29181000011,93
29181000002,93
29181000005,93
29181000006,93
29181000010,93
29181000007,93
29181000012,93
29181000008,93
29023000012,93
29023000008,93
29023000024,93
29023000003,93
29023000025,93
29023000011,93
29023000023,94
29023000021,94
29023000004,94
29023000015,94
29023000005,94
29023000013,94
29023000007,94
29023000014,94
29023000019,94
29023000017,94
29023000020,94
29023000018,94
29023000010,94
29023000009,94
29023000016,94
29023000026,94
29023000022,94
29023000006,94
29023000002,94
29223000016,94
29223000011,94
29223000019,94
29223000020,94
29223000009,94
29223000013,94
29223000014,94
29223000004,94
29223000002,94
29069000014,95
29069000015,95
29069000011,95
29069000004,95
29069000009,95
29069000013,95
29069000016,95
29069000006,95
29069000020,95
29069000003,95
29069000005,95
29069000021,95
29069000012,95
29069000010,95
29069000002,95
29155000002,95
29155000003,95
29155000004,95
29155000005,95
29155000006,95
29155000007,95
29155000008,95
29155000009,95
29155000010,95
29155000011,95
29155000012,95
29155000013,95
29155000014,95
29155000015,95
29155000016,95
29155000017,95
29155000018,95
29155000019,95
29155000020,95
29155000021,95
29069000007,95
29143000026,96
29143000007,96
29143000008,96
29143000017,96
29143000021,96
29143000027,96
29143000010,96
29143000002,96
29143000003,96
29143000011,96
29143000009,96
29143000015,96
29143000024,96
29143000025,96
29143000018,96
29143000013,96
29143000020,96
29143000019,96
29143000014,96
29143000016,96
29143000029,96
29143000028,96
29143000031,96
29143000030,96
29143000005,96
29143000006,96
29143000004,96
29143000022,96
29143000023,96
29143000012,96
29069000018,96
29069000019,96
29069000017,96
29069000008,96
29069000022,96
29133000014,96
29133000006,96
29133000005,96
29133000007,96
29133000010,96
29133000011,96
29133000009,96
29133000008,96
29133000013,96
29133000012,96
29133000016,96
29133000003,96
29133000002,96
29133000004,96
29133000015,96
29133000018,96
29133000017,96
29133000019,96
29133000022,96
29133000023,96
29133000021,96
29133000020,96
29201000003,97
29201000006,97
29201000021,97
29201000011,97
29201000019,97
29201000017,97
29201000022,97
29201000016,97
29201000015,97
29201000010,97
29201000013,97
2920112-001,97
29201000004,97
2920112-002,97
29201000014,97
29201000007,97
29201000009,97
29201000023,97
29201000012,97
29207000014,96
29207000019,96
29207000018,96
29207000003,98
29207000020,98
29207000010,98
29207000013,98
29207000015,98
29207000016,98
29207000021,98
29207000002,98
29207000017,98
29207000004,98
29207000005,98
29207000006,98
29207000008,98
29207000009,98
29207000011,98
29207000012,98
29207000007,98
29031000012,99
29031000024,99
29031000023,99
29031000020,99
29031000021,99
29031000022,99
29031000011,99
29031000019,99
29031000014,99
29031000013,99
29031000015,99
29031000016,99
29031000017,99
29031000031,99
29031000010,100
29031000018,100
29031000038,100
29031000002,100
29031000005,100
29031000008,100
29031000004,100
29031000007,100
29031000006,100
29031000009,100
29031000030,100
29031000029,100
29031000033,100
29031000034,100
29031000037,100
29031000032,100
29031000036,100
29031000027,98
29031000026,98
29031000025,98
29031000039,98
29017000003,98
29017000007,98
29031000003,98
29017000015,98
29017000006,98
29017000012,98
29223000003,98
29017000010,98
29017000005,98
29017000009,98
29017000011,98
29223000012,101
29223000005,101
29223000008,101
29223000006,101
29223000010,101
29223000018,101
29223000015,101
29223000017,101
29223000021,101
29223000007,101
29179000008,101
29179000003,101
29179000009,101
29179000004,101
29179000011,101
29179000012,101
29179000010,101
29179000007,101
29179000005,101
29179000014,101
29179000006,101
29179000013,101
29179000002,101
29093000006,101
29093000004,101
29093000008,101
29093000010,101
29093000005,101
29093000003,101
29093000002,101
29093000007,101
29093000009,101
29123000003,101
29123000008,101
29123000006,101
29123000004,101
29123000005,101
29123000002,101
29123000007,101
29187000012,102
29187000023,102
29187000013,102
29187000011,102
29187000014,102
29187000018,102
29187000021,102
29187000024,102
29187000008,102
29187000009,102
29187000007,102
29221000005,101
29221000003,101
29221000015,101
29186000011,103
29186000014,103
29186000012,103
29186000013,103
29186000007,103
29186000010,103
29186000009,103
29186000005,103
29186000002,103
29186000006,103
29186000003,103
29186000004,103
29031000028,103
29031000035,103
29157000011,103
29157000015,103
29157000017,103
29157000005,103
29157000010,103
29157000013,103
2915716-018,103
2915716-020,103
29157000012,103
29157000003,103
29157000006,103
29157000007,103
2915716-019,103
29157000009,103
29157000004,103
29157000016,103
29157000008,103
29157000002,103
29187000020,104
29187000017,104
29187000006,104
29187000010,104
29187000002,104
29187000016,104
29187000019,104
29187000005,104
29187000026,104
29187000025,104
29187000027,104
29221000019,104
29221000011,101
29221000006,104
29221000007,104
2909916-112,105
29099000065,105
29099000040,105
2909916-110,105
2909916-111,105
29099000052,105
29099000023,105
2909916-102,105
29099000030,105
2909916-105,105
2909916-103,105
29099000022,105
2909916-106,105
2909913-107,105
2909916-109,105
29099000031,105
2909916-108,105
29099000069,105
29099000002,105
29099000020,105
2909916-107,105
29099000048,106
29099000068,106
29099000010,106
29099000062,106
29099000083,106
29099000037,106
2909916-100,106
2909916-099,106
29099000026,106
29099000038,106
29099000036,106
29099000051,106
29099000063,106
29099000086,106
29099000028,106
29099000029,106
29221000009,107
29221000002,107
29221000017,107
29221000016,107
29221000008,107
29221000013,107
29099000080,106
29099000085,107
29099000081,106
2909916-095,107
2909916-094,107
29099000021,107
2909916-115,107
29071000012,107
29071000027,107
29071000044,107
29071000045,107
29071000046,107
29071000037,107
29071000011,107
29071000040,107
29071000007,107
29163000009,108
29163000013,108
29163000015,108
29163000011,108
29163000003,108
29163000005,108
29163000010,108
29163000006,108
29163000004,108
29163000012,108
29163000002,108
29163000014,108
29163000007,108
29163000008,108
29139000004,108
29139000011,108
29139000006,108
29139000007,108
29139000005,108
29139000002,108
29139000003,108
29139000010,108
29139000008,108
29113000005,162
29113000014,108
29113000017,108
29113000023,108
29113000011,108
29113000003,108
29071000048,109
29071000029,109
29071000049,109
29071000032,109
29071000050,109
29071000013,109
29071000051,109
29071000047,109
2907116-064,109
29071000042,109
29071000021,109
29071000015,109
29071000016,109
29071000017,109
29071000025,109
29071000038,109
29071000003,109
29071000002,109
29071000020,109
29071000022,109
29071000052,109
29071000039,109
29071000054,109
29071000055,109
29071000053,109
29071000056,109
29071000010,109
29071000028,109
29219000008,110
29219000014,110
29219000020,110
29219000004,110
29219000021,110
29219000023,110
29219000018,110
29219000006,110
29219000011,110
29219000015,110
29219000017,110
29219000019,110
29219000005,110
29219000007,110
29219000002,110
29219000012,110
29219000024,110
29219000013,110
29219000009,110
29219000016,110
29219000003,110
29219000010,110
29219000022,110
29113000025,112
29071000004,111
29071000006,111
29071000005,111
29071000014,111
29071000031,111
29071000030,111
29071000062,111
29071000063,111
29071000060,111
29071000061,111
29071000058,111
29071000059,111
29071000041,111
29071000018,111
29071000008,111
29071000023,111
29071000009,111
29071000057,111
29071000019,111
29071000024,111
29113000009,112
29113000021,112
29113000020,112
29113000018,112
29113000019,112
29113000013,112
29113000012,112
29113000002,112
29113000004,108
29510000068,113
29510000067,113
2951016-091,113
29510000070,113
29510000148,113
2951016-097,113
2951016-207,113
29510000072,113
29510000069,113
29510000150,113
29510000147,113
29510000149,113
29510000066,113
29510000182,113
29510000185,113
2951016-206,113
29510000146,113
2951016-256,113
2951016-255,113
29510000184,113
29510000183,113
2951016-137,113
29510000103,113
29510000104,113
2951016-148,113
29510000102,113
2951016-257,113
29510161410,113
29510000080,114
29510000082,114
29510000083,114
2951016-116,114
29510000084,114
2951016-101,114
29510000088,114
29510000086,114
29510000096,114
29510000081,114
29510000094,114
29510000093,114
29510000097,114
29510000095,114
29510000087,114
29510000085,114
2951016-102,114
29510000092,114
29510000099,114
29510000100,114
2951016-149,114
29510000089,114
29510000090,114
29510000054,115
2951016-099,115
29510000050,115
29510000051,115
29510000045,115
29510000047,115
29510000044,115
29510000053,115
29510000052,115
2951016-058,115
2951016-057,115
29510000142,115
29510000141,115
29510000043,115
29510000140,115
29510000041,115
29510000040,115
29510000049,115
29510000139,115
29510000037,115
2951016-053,115
29510000036,115
2951016-156,116
2951016-157,116
29510000079,116
29510000109,116
29510000108,116
29510000105,116
29510000064,116
29510000061,116
29510000048,116
29510000046,116
29510000042,116
29510000062,116
29510000063,116
29510000059,116
29510000106,116
29510000107,116
29510000056,116
29510000060,116
29510000058,116
29510000136,116
29510000119,116
2951016-192,116
29510000127,116
2951016-173,116
2951016-108,116
29510000077,116
29510000076,116
2951016-109,116
29510000057,116
29510000075,116
29510000091,117
29510000111,117
2951016-164,117
29510000116,117
29510000118,117
29510000172,117
29510000166,117
29510000167,117
2951016-239,117
29510000175,117
29510000171,117
29510000112,117
29510000113,117
29510000115,117
29510000169,117
29510000168,117
29510000101,117
29510000098,117
29510000117,117
29510000170,117
29510000165,117
29510000177,117
29510000176,117
29510000078,117
29510000074,117
29510000073,117
29510161010,117
29510161011,117
29510161012,117
29510000178,117
29510000180,117
29510000124,118
29510000125,118
29510000200,118
29510162811,118
2951016-202,118
29510000134,118
29510000131,118
29510000130,118
29510000122,118
29510000128,118
29510000143,118
29510000144,118
2951016-183,118
29510000209,118
2951016-049,118
29510000031,118
2951016-046,118
2951016-041,118
29510000026,118
2951016-410,118
29510000145,118
2951016-303,118
29510000032,118
2951016-036,118
29510000017,118
29510000025,118
29510000028,118
29510000030,118
29510000033,118
2951016-031,118
29510000179,119
29510000202,119
29510000203,119
29510000204,119
29510000174,119
2951016-241,119
29510000126,119
29510161013,119
29510000208,119
29510000201,119
29510000135,119
29510000186,119
29510000191,119
29510000189,119
29510000188,119
29510000206,119
29510000205,119
29510000187,119
29510000133,119
29510000027,119
29510000007,119
29510000008,119
29510000006,119
29510000003,119
2951016-228,119
2951016-011,119
2951016-218,119
29510000157,119
29510000156,119
29510000155,119
29510000151,119
29510000020,120
29510000152,120
2951016-219,120
29510000023,120
29510000153,120
29510000154,120
29510000010,120
29510000022,120
29510000019,120
29510000035,120
2951016-026,120
2951016-039,120
29510000011,120
29510000005,120
29510000004,120
29510000196,120
29510000193,120
29510000194,120
29510000195,120
29510000192,120
29510000197,120
29510000198,120
29510000014,120
2951016-013,120
2951016-024,120
29510000012,120
2951016-014,120
29510000199,120
29510000160,120
29510000158,120
29510000159,120
29510000162,120
29510000161,120
29510000164,120
29510000163,120
29510000190,120
29189LEM026,121
29189LEM027,121
29189LEM010,121
29189LEM028,121
29189LEM201,121
29189LEM202,121
29189LEM007,121
29189LEM011,121
29189LEM020,121
29189LEM001,121
29189LEM002,121
29189LEM006,121
29189LEM030,121
29189LEM021,121
29189LEM014,121
29189LEM012,121
29189LEM009,121
29189LEM205,121
29189LEM025,121
29189LEM200,121
29189LEM005,121
29189LEM022,121
29189LEM013,121
29189LEM023,121
29189LEM015,121
29189LEM024,121
29189LEM008,121
29189LEM031,121
29189LEM004,121
29189OAK001,121
29189OAK006,121
29189OAK002,121
29189LEM017,121
29189LEM018,121
29189LEM019,121
29189LEM204,121
29189OAK017,122
29189OAK019,122
29189OAK015,122
29189OAK008,122
29189OAK005,122
29189OAK022,122
29189OAK013,122
29189OAK021,122
29189OAK007,122
29189OAK026,122
29189OAK020,122
29189OAK011,122
29189OAK029,122
29189OAK014,122
29189OAK016,122
29189OAK003,122
29189OAK027,122
29189OAK012,122
29189LEM016,122
29189OAK024,122
29189OAK004,122
29189OAK025,122
29189OAK023,122
29189OAK028,122
29189OAK018,122
29189OAK009,122
29189TSF006,122
29189TSF004,122
29189TSF003,122
29189LEM032,122
29189TSF024,123
29189TSF011,123
29189TSF008,123
29189OAK010,123
29189TSF007,123
29189LEM003,123
29189LEM029,123
29189CON043,123
29189TSF019,123
29189TSF018,123
29189TSF021,123
29189TSF025,123
29189TSF016,123
29189TSF015,123
29189TSF002,123
29189TSF009,123
29189TSF020,123
29189TSF005,123
29189TSF022,123
29189TSF026,123
29189TSF013,123
29189TSF017,123
29189TSF012,123
29189TSF201,123
29189TSF010,123
29189TSF023,123
29189CON040,123
29189LEM033,123
29189LEM208,123
29189TSF027,123
29189TSF014,123
29189CON041,123
29189CON003,123
29189TSF001,123
29189CON001,123
29189CON206,123
29189CON202,123
29189GRA042,124
29189GRA033,124
29189GRA040,124
29189CON002,124
29189CON017,124
29189CON005,124
29189CON004,124
29189CON027,124
29189CON008,124
29189CON009,124
29189CON026,124
29189CON010,124
29189CON047,124
29189CON013,124
29189CON046,124
29189CON024,124
29189CON044,124
29189CON025,124
29189CON048,124
29189CON028,124
29189CON049,124
29189CON006,124
29189CON015,124
29189CON045,124
29189CON031,124
29189CON042,124
29189CON052,124
29189CON011,124
29189CON016,124
29189CON012,124
29189CON018,124
29189CON032,124
29189CON050,124
29189CON020,124
29189CON051,124
29189CON035,124
29189CON007,124
29189CON019,124
29189CON021,124
29189CON204,124
29189CON030,124
29189CON022,124
29189CON037,124
29189CON200,124
29189CON036,124
29189CON038,124
29189CON023,124
29189CON053,124
29189CON213,124
29189CON029,124
29189CON014,124
29189CON039,124
29189CON033,124
29189CON205,124
29189CON034,124
29189GRA025,125
29189GRA021,125
29189GRA019,125
29189GRA016,125
29189GRA022,125
29189JEF028,125
29189JEF023,125
29189JEF021,125
29189GRA035,125
29189GRA020,125
29189GRA013,125
29189GRA017,125
29189GRA044,125
29189GRA015,125
29189GRA007,125
29189GRA043,125
29189GRA018,125
29189JEF005,125
29189GRA202,125
29189GRA045,125
29189GRA048,125
29189GRA028,125
29189GRA001,125
29189GRA032,125
29189GRA029,125
29189GRA037,125
29189GRA024,125
29189GRA026,125
29189GRA047,125
29189GRA005,125
29189GRA041,125
29189GRA014,125
29189GRA011,125
29189GRA012,125
29189BON035,125
29189GRA002,125
29189GRA009,125
29189GRA046,125
29189BON040,125
29189GRA031,125
29189GRA030,125
29189GRA034,125
29189GRA023,125
29189GRA010,125
29189GRA039,125
29189JEF006,125
29189JEF029,125
29189HAD200,126
29189HAD006,126
29189JEF009,126
29189JEF015,126
29189JEF011,126
29189JEF030,126
29189JEF008,126
29189JEF031,126
29189JEF027,126
29189JEF024,126
29189JEF020,126
29189JEF014,126
29189JEF013,126
29189JEF018,126
29189HAD031,126
29189HAD007,126
29189HAD024,126
29189JEF025,126
29189JEF016,126
29189JEF200,126
29189JEF004,126
29189JEF032,126
29189JEF034,126
29189JEF037,126
29189JEF033,126
29189CLA022,126
29189CLA051,126
29189CLA021,126
29189JEF012,126
29189CLA200,126
29189JEF017,126
29189JEF026,126
29189JEF022,126
29189JEF007,126
29189JEF035,126
29189JEF036,126
29189JEF003,126
29189JEF019,126
29189JEF010,126
29189GRA006,126
29189GRA038,126
29189GRA036,126
29189GRA027,126
29189GRA206,126
29189JEF002,126
29189HAD033,127
29189HAD030,127
29189HAD002,127
29189HAD032,127
29189HAD028,127
29189HAD022,127
29189HAD023,127
29189HAD021,127
29189HAD026,127
29189HAD025,127
29189HAD027,127
29189HAD003,127
29189HAD019,127
29189HAD029,127
29189HAD020,127
29189HAD013,127
29189CLA009,127
29189CLA019,127
29189CLA020,127
29189CLA027,127
29189CLA030,127
29189CLA031,127
29189CLA035,127
29189CLA050,127
29189CLA032,127
29189CLA046,127
29189CLA041,127
29189CLA039,127
29189CLA038,127
29189CLA206,127
29189CLA017,127
29189CLA010,127
29189CLA024,127
29189CLA012,127
29189CLA037,127
29189CLA040,127
29189CLA045,127
29189JEF001,127
29189CLA023,127
29189CLA201,127
29189CLA042,127
29189CLA025,127
291890CC034,127
29189CLA033,127
29189CLA036,127
29189CLA049,127
29189CLA034,127
291890MR031,127
291890MR051,127
291890MR046,127
291890MR042,127
291890MR040,127
291890MR056,127
291890MR034,127
29189CLA205,127
29189BON016,128
29189BON026,128
29189GRA008,128
29189GRA004,128
29189GRA201,128
29189GRA003,128
29189BON029,128
29189BON011,128
29189BON034,128
29189BON033,128
29189BON027,128
29189BON012,128
29189BON024,128
29189BON017,128
29189BON013,128
29189GRA210,128
29189BON014,128
29189GRA209,128
29189BON203,128
29189BON004,128
29189BON202,128
29189BON018,128
29189BON036,128
29189BON005,128
29189BON006,128
29189BON032,128
29189BON001,128
29189BON031,128
29189BON002,128
29189BON023,128
29189BON008,128
29189BON007,128
29189BON009,128
291890MR011,128
291890MR001,128
29189BON022,128
29189BON019,128
29189CLA015,128
29189CLA006,128
291890MR022,128
291890MR019,128
291890MR049,128
291890MR006,128
291890MR037,128
291890MR200,128
291890MR009,128
29099000007,129
29099000006,129
29099000008,129
29099000009,129
29099000054,129
29099000056,129
2909916-098,129
29099000058,129
29099000024,129
29099000016,130
2909916-093,130
29099000078,130
29099000013,130
29099000015,130
29099000014,130
29099000034,130
2909916-089,130
29099000039,130
29099000074,130
29099000057,130
2909916-088,130
29099000018,130
29099000017,130
29099000043,130
2909916-091,130
29099000064,130
2909916-092,130
29099000087,131
29099000050,131
2909916-097,131
29099000004,131
29099000011,131
29099000044,131
29099000045,131
29099000047,131
2909916-096,131
29099000071,131
29099000075,132
29099000079,132
29099000077,132
29099000061,132
29099000070,132
2909916-090,132
29189BON037,132
29189BON015,132
29189BON039,132
29189BON010,132
29189BON025,132
29189MER025,132
29189MER032,132
29189MER037,132
29189MER023,132
29189BON020,125
29189BON200,125
29189BON206,132
29189BON028,133
29189BON038,133
29189BON030,133
29189BON207,133
29189BON211,133
29189BON210,133
29189BON205,133
29189BON003,133
29189BON021,133
29189QUE006,133
29189QUE009,133
29189QUE203,133
29189MER043,133
29189MER026,133
29189QUE200,133
29189QUE213,133
29189QUE020,133
29189MER024,133
29189MER038,133
29189MER042,133
29189MER001,133
29189MER044,133
29189MER015,133
29189MER204,133
29189MER215,133
29189MER213,133
29189MER202,133
29189MER200,133
29189MER031,133
29189QUE205,133
29189BON208,133
29189MER006,133
29189MER040,133
29189QUE017,133
29189QUE042,133
29189QUE035,133
29189QUE034,133
29189QUE038,133
29189QUE025,133
29189QUE036,133
29189QUE028,133
29189QUE032,133
29189QUE046,133
29189QUE039,133
29189QUE040,133
29189QUE209,133
29189QUE033,133
29189QUE037,133
29189QUE031,133
29189QUE021,133
29189QUE047,133
29189QUE048,133
29189QUE041,133
29189QUE043,133
29189QUE011,133
29189QUE202,133
29189QUE008,133
29189QUE201,133
29189MER029,133
29189QUE019,133
29189MER045,133
29189MER008,133
29189MER011,133
29189MER047,133
29189MER033,133
29189MER048,133
29189MER027,133
29189MER039,133
291890WH002,133
291890WH201,133
29189QUE012,133
29189QUE013,133
29189QUE024,133
291890WH003,133
29189MER046,134
29189MER019,134
29189MER014,134
29189MER007,134
29189MER214,134
29189MER009,134
29189MER016,134
29189MER013,134
29189MER018,134
29189MER020,134
29189MER207,134
29189MER030,134
29189MER022,134
29189MER017,134
29189MER003,134
29189MER004,134
29189MER035,134
29189MER219,134
29189CHE054,134
29189CHE051,134
29071000033,134
29071000034,134
29071000036,134
29071000035,134
29071000043,134
29189CHE043,134
29189MER002,134
29189MER005,134
29189CHE046,134
29189CHE038,134
29189CHE017,134
29189CHE049,134
29189CHE034,134
29189CHE039,134
29189CHE007,134
29189CHE048,134
29189CHE050,134
29189CHE055,134
291890MR027,135
291890MR058,135
291890MR057,135
29189QUE044,135
29189QUE010,135
29189QUE022,135
29189QUE023,135
29189QUE029,135
29189QUE004,135
29189QUE016,135
29189QUE045,135
29189QUE014,135
29189QUE002,135
29189QUE001,135
29189QUE049,135
29189QUE007,135
29189QUE003,135
29189QUE005,135
291890MR007,135
291890MR015,135
291890MR041,135
291890MR008,135
291890MR028,135
291890MR012,135
291890MR054,135
291890MR047,135
291890MR024,135
291890MR005,135
291890MR205,135
29189QUE204,135
29189QUE018,135
29189QUE027,135
29189QUE026,135
29189LAF002,135
29189QUE210,135
29189QUE208,135
291890MR014,135
29189QUE030,135
291890MR030,135
291890MR035,135
29189LAF045,135
29189LAF044,135
29189QUE207,135
291890MR033,135
291890MR210,135
291890MR025,135
291890MR036,135
291890MR021,135
291890MR026,135
291890MR004,135
291890MR203,135
29189LAF005,135
29189LAF004,135
29189LAF003,135
29189LAF207,135
291890MR044,135
29189LAF046,135
291890MR209,135
29189LAF200,135
29189LAF205,135
29189CHE027,134
291890WH004,137
29189CHE053,134
29189CHE035,134
29189CHE047,134
291890WH015,136
291890WH011,136
291890WH041,136
29189LAF009,136
29189LAF042,136
29189LAF019,136
29189LAF018,136
29189LAF024,136
29189LAF023,136
291890WH040,136
291890WH043,136
291890WH034,136
291890WH024,136
291890WH033,136
291890WH029,136
29189LAF038,136
29189LAF013,136
291890WH046,136
291890WH038,136
291890WH044,136
291890WH042,136
291890WH032,136
29189LAF025,136
29189LAF017,136
29189LAF016,136
291890WH202,136
29189LAF028,136
29189LAF007,136
29189LAF014,136
29189LAF011,136
29189LAF008,136
29189LAF029,136
29189LAF015,136
29189LAF006,136
29189LAF020,136
291890WH012,137
291890WH009,137
291890WH010,137
291890WH008,137
291890WH028,137
29189MER028,137
291890WH036,137
29189MER010,137
291890WH005,137
291890WH037,137
291890WH035,137
291890WH001,137
291890WH016,137
291890WH203,137
291890WH026,137
291890WH007,137
291890WH013,137
291890WH018,137
291890WH208,137
291890WH025,137
291890WH019,137
291890WH020,137
291890WH021,137
291890WH022,137
291890WH023,137
291890WH027,137
291890WH031,137
291890WH045,137
29189MER036,137
29189MER034,137
29189MER012,137
291890WH006,137
29189MER021,137
29189MER041,137
291890WH200,137
291890WH047,137
291890WH039,137
291890WH014,137
291890WH017,137
29189CHE013,137
29189CHE021,137
29189CHE024,137
29189CHE040,137
29189CHE020,137
29189CHE029,137
29189CHE003,137
29189CHE011,137
291890WH030,137
29189LAF027,137
29189CHE023,137
29189LAF039,136
29189LAF043,137
29189LAF010,137
29189CHE203,137
29189LAF036,136
29189LAF035,136
29189LAF033,136
29189LAF026,136
29189LAF034,136
29189LAF037,136
29189LAF040,136
291890MR016,136
29189LAF012,136
29189LAF041,136
29189LAF030,136
29189CHE002,134
29189CHE037,134
29189CHE001,134
29189CHE200,134
29189CHE006,134
29189CHE025,134
29189CHE005,134
29189CHE028,134
29189CHE036,134
29189CHE009,138
29189CHE004,138
29189CHE026,138
29189CHE015,138
29189CHE016,138
29189CHE041,138
29189CHE030,138
29189CH1605,138
29189CHE033,138
29189CHE008,138
29189CHE014,138
29189CHE010,138
29189LAF032,138
29189LAF031,138
29189CHE044,138
29189LAF001,138
29189CHE022,138
29189CHE012,138
29189CHE212,138
29189CHE018,138
29189CHE042,138
29189CHE031,138
29189CHE032,138
29189CHE052,138
29189CHE600,138
291890MR018,138
291890MR038,138
291890MR032,138
291890MR010,138
29189MHT002,138
29189MHT026,138
29189MHT027,138
29189CHE045,138
29189MHT016,138
29189MHT003,138
29189MHT024,138
291890MR017,138
29189CHE019,138
291890MR055,138
291890MR013,138
291890MR052,138
291890MR020,138
291890MR212,138
291890MR050,138
29189MHT004,138
29189MHT005,138
29189MHT001,138
29189MHT019,138
29189MHT007,138
291890MR023,138
29189MHT030,138
29189MHT034,138
29189MHT222,138
29189MHT045,138
29189MHT213,138
29183000005,139
29183000004,139
29183000001,139
29183000054,139
29183000056,139
29183000043,139
29183000045,139
29183000041,139
29183000051,139
29183000014,139
29183000031,139
29183000033,139
29183000034,139
29189HAD015,140
29189HAD014,140
29189HAD018,140
29189HAD011,140
29189HAD010,140
29189UNV004,140
29189HAD008,140
29189HAD034,140
29189HAD016,140
29189UNV023,140
29189UNV024,140
29189UNV029,140
29189UNV028,140
29189UNV031,140
29189CLA003,140
29189CLA052,140
29189CLA002,140
29189HAD001,140
29189HAD005,140
29189HAD004,140
29189HAD012,140
29189HAD009,140
29189CLA001,140
29189CLA011,140
29189CLA004,140
29189CLA044,140
29189CLA008,140
29189CLA029,140
29189UNV043,140
29189UNV020,140
29189HAD035,140
29189UNV032,140
29189CLA043,140
29189HAD017,140
291890SF010,141
291890SF009,141
291890SF007,141
291890SF033,141
291890SF035,141
291890SF006,141
291890SF020,141
291890SF025,141
291890SF032,141
291890SF019,141
291890SF016,141
291890SF015,141
291890SF014,141
291890SF013,141
291890SF031,141
291890SF029,141
291890SF027,141
291890SF023,141
291890SF034,141
291890SF200,141
291890SF021,141
291890SF017,141
291890SF011,141
291890SF005,141
291890SF028,141
291890SF012,141
291890SF018,141
291890SF008,141
29189SPL005,141
29189SPL004,141
291890SF026,141
29189SPL003,141
29189SPL017,141
29189SPL023,141
29189SPL019,141
29189SPL207,141
29189NRW046,141
29189NRW045,141
29189NRW042,141
29189SPL027,142
29189SPL024,142
29189SPL006,142
29189SPL013,142
291890LC030,142
29189SPL008,142
29189SPL028,142
29189SPL010,142
29189SPL016,142
29189SPL026,142
29189SPL014,142
29189SPL018,142
29189SPL020,142
29189SPL208,142
29189SPL021,142
29189SPL012,142
29189SPL202,142
29189FER017,142
29189FER019,142
29189FER045,142
29189SPL001,142
29189FER042,142
29189SPL007,142
29189SPL002,142
29189SPL011,142
29189SPL015,142
29189SPL022,142
29189FER018,142
29189FER022,142
29189FER037,142
29189SPL025,142
29189SPL201,142
29189FER029,142
29189SPL009,142
29189FLO010,142
29189FER046,142
29189FER208,142
29189FER040,142
291890LC028,143
291890LC026,143
291890LC017,143
291890LC022,143
291890LC012,143
291890LC032,143
291890LC014,143
291890LC020,143
291890LC021,143
29189FLO001,143
291890LC025,143
29189FLO021,143
29189FLO009,143
291890LC004,143
291890LC031,143
291890LC200,143
291890NW010,143
291890NW224,143
291890NW225,143
291890NW002,143
291890LC003,143
291890LC002,143
291890LC010,143
29189001600,143
29189FLO027,143
29189FLO025,143
291890LC018,143
291890LC008,143
291890LC007,143
291890LC027,143
291890LC006,143
291890NW004,143
291890NW008,143
291890NW227,143
291890NW226,143
291890NW015,143
29189NW1604,143
291890LC009,143
291890LC001,143
29189FLO019,144
29189FLO018,144
29189FLO024,144
29189FLO023,144
29189FLO002,144
29189FLO014,144
29189FLO012,144
29189FLO016,144
29189FLO005,144
29189FLO017,144
29189FLO004,144
29189FLO003,144
29189FER036,144
29189FER016,144
29189FER023,144
29189FLO006,144
29189FLO013,144
29189FLO022,144
29189FLO011,144
29189FLO031,144
29189FLO008,144
291890LC203,144
29189FLO201,144
29189FLO015,144
29189FLO200,144
29189FLO205,144
29189FLO029,144
29189FLO020,144
29189FLO007,144
29189FLO030,144
291890LC019,144
29189FLO026,144
29189FLO028,144
291890LC016,144
29189FLO207,144
29189FER005,144
29189FER013,144
29189FER015,144
29189FER044,144
29189FER003,144
29189FER024,144
291890SF030,145
291890SF001,145
29189FER002,145
29189FER004,145
29189FER006,145
29189FER008,145
29189FER028,145
29189FER027,145
29189FER041,145
29189FER039,145
29189NRW026,145
29189NRW032,145
29189NRW028,145
29189NRW048,145
29189NRW022,145
29189NRW043,145
29189NRW044,145
291890SF004,145
291890SF003,145
291890SF002,145
291890SF024,145
29189FER007,145
29189FER030,145
29189FER010,145
29189FER025,145
29189FER043,145
291890SF022,145
29189FER014,145
29189NRW039,145
29189NRW023,145
29189NRW016,145
29189NRW011,145
29189NRW038,145
29189NRW020,145
29189NRW037,145
29189NOR044,145
29189NOR048,145
29189NRW051,145
29189NRW050,145
29189NRW205,145
29189NRW030,145
29189NRW200,145
29189NRW036,145
29189NRW033,145
29189NRW040,145
29189NRW041,145
29189NRW049,145
29189NRW047,145
29189NRW035,145
29189NRW027,145
29189NRW031,145
29189NRW024,145
29189NRW010,145
29189NRW012,145
29189NRW013,145
29189NRW018,145
29189NRW034,145
29189NRW014,145
29189NRW201,145
29189NRW001,145
29189FER012,145
29189NRW009,145
29189FER009,145
29189FER034,145
29189FER035,145
29189FER021,145
29189FER031,145
291890LC005,146
291890LC029,146
291890LC015,146
291890LC013,146
291890LC011,146
291890NW034,146
291890NW045,146
291890LC023,146
291890NW022,146
291890NW009,146
291890NW040,146
291890NW018,146
291890NW044,146
291890NW041,146
291890NW048,146
291890NW030,146
291890NW025,146
291890NW023,146
291890NW046,146
291890LC024,146
291890NW007,146
291890NW024,146
291890NW217,146
291890LC204,146
291890LC209,146
291890NW006,146
291890NW215,146
291890NW213,146
291890NW032,146
291890NW042,146
291890NW206,146
291890NW036,146
291890NW050,146
291890NW017,146
291890NW229,146
291890NW205,146
291890NW208,146
291890NW051,146
291890NW012,146
291890NW216,146
291890NW214,146
291890NW003,146
291890NW028,146
291890NW212,146
291890NW039,146
291890AP035,146
291890NW027,146
291890AP200,146
291890NW207,146
291890NW005,146
291890AP019,146
291890NW202,146
291890AP203,146
291890NW219,146
291890NW209,146
291890NW210,146
291890AP216,146
291890AP206,146
291890AP214,146
291890NW200,146
291890AP034,146
291890AP225,146
291890AP003,146
29189NRW003,146
29189NRW004,146
291890AP038,146
29189FER001,146
29189FER026,146
291890AP232,146
291890AP230,146
291890AP237,146
291890AP233,146
29189FER011,146
291890AP027,146
29189NRW008,146
29189NRW015,146
29189NRW005,146
29189NRW006,146
29189NRW002,146
291890AP036,146
291890AP030,152
291890AP211,146
291890AP217,146
291890AP208,146
291890AP207,152
291890AP215,146
29189NRW029,146
291890AP007,146
291890AP043,146
291890AP039,146
29189NRW007,147
29189FER033,147
29189FER020,147
29189FER038,147
29189FER032,147
29189NRW019,147
29189NRW017,147
29189NRW025,147
29189NRW021,147
29189NOR010,147
29189NOR004,147
29189NOR012,147
29189NRW203,147
29189NRW202,147
29189NOR036,147
29189NOR018,147
29189NOR017,147
29189NOR013,147
29189NOR030,147
29189NOR039,147
29189NOR011,147
29189NOR029,147
29189NOR007,147
29189NOR006,147
29189NOR218,147
29189NOR001,147
29189NOR041,147
29189NOR005,147
29189NOR033,147
29189UNV030,147
29189NOR009,147
29189NOR022,147
29189NOR037,147
29189NOR042,147
29189NOR050,147
29189NOR014,147
29189NOR024,147
29189NOR204,147
29189NOR208,147
29189NOR202,147
29189NOR019,147
29189NOR045,147
29189NOR034,147
29189NOR051,147
29189NOR222,147
29189NOR002,147
29189NOR003,147
29189UNV021,147
29189UNV037,147
29189UNV045,147
29189NOR040,147
29189NRW204,147
29189NOR213,147
29189NOR008,147
29189UNV007,147
29189UNV006,147
29189UNV005,147
29189UNV013,147
29189UNV201,147
29189NOR055,147
29189NOR015,147
29189NOR203,147
29189NOR016,147
29189NOR021,147
29189NOR056,147
29189NOR020,147
29189NOR035,147
291890AP050,147
291890AP045,147
29189NOR049,147
29189NOR038,147
29189UNV008,148
29189UNV011,148
29189UNV012,148
29189UNV014,148
29189UNV016,148
29189UNV015,148
29189UNV019,148
29189UNV017,148
29189UNV001,148
29189UNV010,148
29189UNV206,148
29189UNV205,148
29189UNV009,148
29189UNV002,148
29189UNV036,148
29189NOR028,148
29189UNV026,148
29189UNV025,148
29189MID055,148
29189MID030,148
29189NOR054,148
29189UNV003,148
29189MID032,148
29189MID018,148
29189MID010,148
29189UNV208,148
29189MID038,148
29189MID020,148
29189UNV018,148
29189MID031,148
29189MID025,148
29189MID060,148
29189NOR032,148
29189NOR046,148
29189NOR025,148
29189MID002,148
29189NOR043,148
29189NOR201,148
29189NOR047,148
29189NOR031,148
29189NOR052,148
29189NOR026,148
29189NOR200,148
29189MID015,148
291890AP051,148
291890AP016,148
29189MID014,148
29189NOR023,148
29189NOR027,148
291890AP013,148
29189NOR053,148
29189UNV027,148
29189UNV035,148
29189UNV038,149
29189UNV202,149
29189MID200,149
291890AP014,148
291890AP009,148
291890AP006,148
291890AP018,148
291890AP037,148
291890AP025,148
291890AP015,148
291890AP010,148
291890AP005,148
291890AP001,148
291890AP002,148
291890AP048,148
291890AP022,148
291890AP021,148
291890CC015,149
29189CLA016,149
29189CLA026,149
29189CLA013,149
29189CLA007,149
29189CLA203,149
29189CLA202,149
29189CLA047,149
29189CLA014,149
29189UNV041,149
29189UNV040,149
29189UNV033,149
29189UNV034,149
29189UNV042,149
29189UNV039,149
29189MID204,149
29189MID045,149
29189MID017,149
29189MID001,149
29189MID013,149
291890CC022,149
29189MID039,149
291890CC013,149
291890CC012,149
291890CC051,149
29189MID037,149
29189CLA028,149
29189CLA005,149
29189MID049,149
29189MID040,149
29189MID029,149
29189MID034,149
29189MID051,149
29189MID044,149
29189UNV022,149
29189MID054,149
29189MID058,149
29189MID016,149
29189MID057,149
29189MID041,149
29189MID036,149
29189MID048,149
29189MID026,149
29189MID004,149
29189MID005,149
29189MID019,149
29189MID201,149
29189MID028,149
29189MID202,149
29189MID052,149
29189MID043,149
29189MID003,149
29189MID006,149
29189MID012,149
29189MID047,149
29189MID022,149
29189MID007,149
291890AP008,152
29189MID023,149
29189MID046,149
29189MID009,149
29189MID008,149
29189MID053,149
291890CC205,149
29189MID059,149
29189MID033,149
29189MID021,149
291890CC048,149
291890CC038,149
291890CC202,149
29189MID027,149
29189MID056,149
291890AP020,152
291890MR053,150
291890MR003,150
291890MR045,150
291890MR048,150
291890MR002,150
291890MR029,150
291890MR043,150
291890MR059,150
291890MR204,150
291890CC026,150
291890CC020,150
291890MR039,150
29189MHT054,150
29189MHT208,150
29189MHT207,150
29189MHT223,150
29189MHT051,150
291890CC025,150
29189MHT053,150
29189MHT050,150
29189MHT055,150
29189MHT035,150
29189MHT039,150
29189MHT056,150
291890MR202,150
291890MR213,150
29189MHT214,150
291890CC049,150
291890CC028,150
291890CC039,150
291890CC027,150
291890CC019,150
291890CC024,150
291890CC023,150
291890CC036,150
291890CC014,150
291890CC016,150
291890CC011,150
291890CC021,150
291890CC010,150
291890CC001,150
29189MHT009,150
291890CC040,150
291890CC052,150
291890CC046,150
291890CC055,150
291890CC033,150
291890CC032,150
29189CC1602,150
29189CC1603,150
29189CC1601,150
29189MHT212,150
29189MHT219,150
291890CC058,150
291890CC208,150
291890CC203,150
291890CC030,150
291890CC044,150
291890CC047,150
291890CC017,150
291890CC042,150
291890CC043,150
291890CC053,150
291890CC018,150
291890CC041,150
291890CC050,151
291890CC045,151
291890CC056,151
291890CC037,151
291890CC031,151
291890CC003,151
291890CC005,151
291890CC035,151
291890CC002,151
291890CC004,151
291890CC054,151
291890CC007,151
29189MHT200,151
29189MHT025,151
291890CC009,151
291890CC214,151
29189MHT040,151
29189MHT008,151
29189MHT028,151
29189MHT021,151
29189MHT023,151
29189MHT031,151
29189MHT011,151
29189MHT052,151
29189MHT058,151
29189MHT010,151
29189MHT013,151
291890CC008,151
291890CC006,151
29189MHT033,151
29189MHT043,151
29189MHT044,151
29189MHT032,151
29189MHT059,151
29189MHT038,151
29189MHT216,151
29189MHT036,151
29189MHT041,151
29189MHT014,151
29189MHT018,151
29189MHT017,151
291890CC057,151
29189MID024,151
291890CC201,151
29189MID035,151
29189MID061,151
29189MID042,151
291890AP041,151
291890NW049,151
291890NW029,151
29189MHT020,151
29189MHT042,151
29189MHT049,151
29189MHT046,151
291890NW211,151
291890NW052,151
291890AP032,151
291890AP201,151
29189MID050,151
29189MID011,151
291890CC221,151
29189MHT206,151
291890AP202,151
29189MHT057,151
29189MHT029,151
29189MHT220,151
29189MHT047,151
29189MHT006,151
29189MHT048,151
291890AP024,152
291890AP011,152
291890AP031,152
291890AP049,152
291890AP040,152
291890AP044,152
291890AP033,152
291890AP029,152
291890AP028,152
291890AP047,152
291890AP004,152
291890AP218,152
291890AP046,152
291890NW031,152
291890NW037,152
291890AP023,152
291890AP017,152
291890AP012,152
291890NW016,152
291890NW011,152
291890NW001,152
291890NW043,152
291890NW204,152
291890NW220,152
291890NW021,152
291890NW019,152
291890NW020,152
291890NW014,152
291890AP026,152
291890AP042,152
291890NW026,152
291890NW201,152
29189MHT015,152
291890NW033,152
291890NW035,152
291890NW013,152
29189MHT022,152
29189MHT203,152
29189MHT037,152
291890NW038,152
29189MHT211,152
29189MHT012,152
291890NW047,152
291890NW203,152
29183000071,152
29183000016,152
29183000015,153
29183000091,153
29183000087,153
29183000080,153
29183000086,153
29183000084,153
29183000085,153
29183000083,156
29183000228,153
29183000230,156
29183000100,153
29183000057,154
29183000062,154
29183000021,154
29183000063,154
29183000036,154
29183000047,154
29183000024,154
29183000028,154
29183000022,154
29183000025,154
29183000104,154
29183000103,154
29183000106,154
29183000129,155
29183000126,155
29183000130,155
29183000111,155
29183000101,155
29183000113,155
29183000102,155
29183000128,155
29183000132,155
29183000131,155
29183000124,155
29183000220,156
29183000227,156
29183000234,156
29183000231,156
29183000150,156
29183000147,156
29183000152,156
29183000221,156
29183000206,156
29183000219,156
29183000211,156
29183000207,158
29183000215,156
29183000155,155
29183000146,155
29183000225,157
29183000229,157
29183000222,157
29183000226,157
29183000214,157
29183000210,157
29183000186,157
29183000189,157
29183000217,157
29183000197,158
29183000196,158
29183000203,158
29183000218,158
29183000208,158
29183000212,159
29183000205,158
29183000194,158
29183000157,158
29183000151,159
29183000173,158
29183000193,158
29183000213,158
29183000154,159
29183000170,159
29183000159,159
29183000139,159
29183000143,159
29183000144,159
29183000156,159
29183000153,159
29183000140,159
29183000148,159
29183000145,159
29183000160,161
29183000162,161
29183000149,159
29183000181,160
29183000187,160
29183000190,160
29183000184,160
29183000183,160
29183000185,162
29183000182,161
29183000200,161
29183000199,161
29183000198,161
29183000202,161
29183000161,161
29183000163,161
29183000169,162
29183000166,162
29183000167,161
29183000107,162
29183000122,162
29183000121,162
29183000165,162
29113000015,162
29113000024,162
29113000008,162
29189FER207,144
29189FER206,144
2951016-279,120
29095PR1655,37
29189QUE015,133
29189MER210,133
29189QUE211,135
29189LAF047,138
29189CHE215,138
29189CHE214,138
29189MER209,134
29189CON212,124
29189JEF202,126
29071000026,109
2909916-104,105
