GEOID20,assignment
29047000072,20
29047000057,20
29047000074,20
29047000076,20
29047000004,20
29047000077,20
29047000003,20
29047000005,20
29047000006,20
29047000073,20
29047000055,20
29047000078,20
29047000075,20
29047000037,21
29047000047,21
29047000046,21
29047000029,21
29047000035,21
29047000011,21
29047000013,21
29047000016,21
29047000040,21
29047000028,20
29047000033,21
29047000036,21
29047000030,21
29047162127,21
29047000025,20
2904716-215,20
2904716-214,20
2904716-216,20
29047000027,21
29047000026,21
29047000066,21
29047000069,21
29047000061,21
29047000060,21
29047000070,21
29047000009,21
29047000012,21
29047000015,21
29047000022,21
29047000023,21
29047000024,21
29047000014,21
29047000010,21
29047000017,21
29047000053,21
29047000054,21
29047000048,21
29047000031,21
29047000041,21
29047000050,21
29047000052,21
29047000045,21
29047000032,21
29047000039,21
29047000002,21
29047000034,21
29047000042,21
29047000038,21
29047000049,21
29047000020,21
29047000021,21
29047000051,21
29047000044,21
29047000068,21
29047000063,21
29047000064,21
29047000067,21
29047000062,21
29047000059,21
29047000043,21
29047000056,20
29047000058,20
29047000007,20
29047000065,21
29047000071,21
29005000002,0
29005000005,0
29005000004,0
29005000007,0
29005000006,0
29147000010,0
29147000002,0
29147000012,0
29147000004,0
29147000011,0
29147000017,0
29147000006,0
29147000018,0
29147000005,0
29147000007,0
29147000015,0
29147000014,0
29147000016,0
29147000020,0
29147000013,0
29147000003,0
29147000008,0
29147000009,0
29147000019,0
29075000006,0
29075000014,0
29227000005,0
29075000004,0
29075000005,0
29075000009,0
29075000007,0
29075000008,0
29075000002,0
29075000003,0
29075000011,0
29075000010,0
29075000012,0
29075000013,0
29227000008,0
29227000004,0
29227000003,0
29227000007,0
29227000006,0
29227000002,0
29003000018,0
29003000019,0
29003000021,0
29003000016,0
29003000020,0
29003000013,0
29003000009,0
29003000017,0
29003000014,0
29003000008,0
29003000015,0
29003000012,0
29003000010,0
29003000011,0
29003000006,0
29003000007,0
29003000003,0
29003000002,0
29003000005,0
29003000004,0
29063000011,0
29063000012,0
29063000009,0
29063000002,0
29063000003,0
29063000004,0
29063000007,0
29063000006,0
29063000008,0
29063000005,0
29063000010,0
29087000005,0
29087000003,0
29087000004,0
29087000007,0
29087000002,0
29087000006,0
29079000007,1
29079000003,1
29079000002,1
29129000002,1
29129000008,1
29079000011,1
29079000016,1
29129000005,1
29129000003,1
29081000008,0
29081000010,0
29079000008,1
29079000013,1
29079000012,1
29079000014,1
29079000015,1
29079000005,1
29079000004,1
29079000010,1
29079000006,1
29079000009,1
29079000017,1
29129000004,1
29129000006,1
29129000010,1
29129000009,1
29129000007,1
29081000009,0
29081000003,0
29081000004,0
2908116-012,0
29115000014,1
29211000018,1
29211000008,1
29211000012,1
29211000002,1
29115000003,1
29115000004,1
29115000012,1
29115000013,1
29115000022,1
29115000002,1
29115000011,1
29115000023,1
29115000015,1
29115000016,1
29115000007,1
29115000009,1
29115000006,1
29115000008,1
29115000024,1
29115000005,1
29115000010,1
29115000019,1
29115000020,1
29115000021,1
29115000017,1
29115000018,1
29211000010,1
29211000007,1
29211000016,1
29211000004,1
29211000015,1
29211000003,1
29211000019,1
29211000011,1
29211000013,1
29211000006,1
29211000005,1
29211000017,1
29211000014,1
29211000009,1
29211000020,1
29117000014,1
29117000007,1
29117000013,1
29117000010,1
29117000011,1
29117000006,1
29117000012,1
29117000005,1
29117000009,1
29117000008,1
29117000015,1
29121000008,1
29121000005,1
2912112-014,1
29121000010,1
29121000012,1
29121000007,1
29121000002,1
29121000003,1
29121000004,1
29121000013,1
29121000011,1
29001000002,2
29001000007,2
29001000006,2
29001000010,2
29001000005,2
29001000011,2
29001000004,2
29001000009,2
29001000003,2
29001000008,2
29197000007,2
29171000009,1
29197000002,2
29197000006,2
29197000008,2
29197000009,2
29197000004,2
29197000010,2
29197000005,2
29197000003,2
29171000003,1
29171000004,1
29171000012,1
29171000013,1
29171000008,1
29171000010,1
29171000006,1
29171000002,1
29171000011,1
29171000007,1
29171000005,1
29041000354,1
29041000352,1
29041000344,1
29041000346,1
29041000381,1
29041000418,1
29041000386,1
29041000424,1
29041000503,1
29041000392,1
29041000431,1
29041000465,1
29175000015,2
29175000004,2
29175000010,2
29175000005,2
29175000008,2
29175000007,2
29175000013,2
29175000002,2
29175000009,2
29175000011,2
29175000014,2
29175000016,2
29175000017,2
29175000006,2
29175000012,2
29175000003,2
2906116-017,1
29061000009,1
29061000008,1
29061000012,1
29061000016,1
29061000002,1
29025000281,1
29025000280,1
29025000277,1
29025000284,1
29025000358,1
29025000356,1
29025000353,1
29025000390,1
29025000389,1
29025000357,1
2903316-016,1
29033000013,1
29033000010,1
2903316-017,1
29033000014,1
2903316-004,1
2903316-001,1
29033000009,1
29033000012,1
29033000007,1
2903316-003,1
2903316-019,1
29033000006,1
29177000014,1
29177000011,1
29177000009,1
29177000003,1
29177000010,1
29177000008,1
29177000005,1
29177000019,1
29177000004,1
29177000013,1
29177000012,1
29177000016,1
29177000015,1
29177000017,1
29177000018,1
29177000002,1
29177000007,1
29177000006,1
29021000032,0
29021000031,0
29021000027,0
29021000034,0
29021000029,0
29021000035,0
29021000024,0
29021000023,0
29021000014,0
29021000008,0
29021000010,0
29021000016,0
29021000018,0
29021000012,0
29021000006,0
29021000011,0
29021000022,0
29021000021,0
29021000020,0
29021000004,0
29021000001,0
29021000002,0
29021000033,0
29021000028,0
29021000030,0
29049000005,0
29049000002,0
29049000003,0
29049000006,0
29049000008,0
29049000007,0
29045000009,2
29045000008,2
29111000011,2
29111000007,2
29111000006,2
29103000005,2
29045000002,2
29045000005,2
29199000003,2
29045000004,2
29045000007,2
29045000010,2
29045000006,2
29045000003,2
29111000003,2
29111000002,2
29111000008,2
29103000002,2
29103000004,2
29103000003,2
29103000007,2
29103000006,2
29199000008,2
29199000004,2
29199000002,2
29199000005,2
29199000006,2
29199000007,2
29127000013,2
29127000002,2
29205000002,2
29127000022,2
29127000008,2
29127000019,2
2912716-033,2
2912716-032,2
2912716-031,2
2912716-034,2
29127000023,2
29127000009,2
29127000003,2
29127000004,2
29127000016,2
29127000014,2
2912716-020,2
29127000006,2
2912716-030,2
29205000009,2
29205000004,2
29205000008,2
29205000003,2
29205000007,2
29205000006,2
29205000005,2
29173000004,2
29173000009,2
29173000003,2
29173000010,2
29173000005,2
29173000007,2
29173000002,2
29137000005,2
29137000006,2
29137000002,2
29137000009,2
29137000004,2
29137000003,2
2913716-015,2
2913716-014,2
29137000007,2
2913716-020,2
2913716-021,2
29137000008,2
29163000013,2
29163000015,2
29163000011,2
29163000003,2
29163000005,2
29163000010,2
29163000006,2
29163000004,2
29163000012,2
29163000002,2
29163000009,2
29163000014,3
29163000007,3
29163000008,3
29007000545,2
29007000508,2
29007000502,2
29007000506,2
29007000667,2
29007000623,2
29007000632,2
29007000616,2
29007000641,2
29007000642,2
29007000633,2
29007000510,2
29007000658,2
29007000657,2
29007000512,2
29007000513,2
29113000004,3
29113000014,3
29113000023,3
29113000009,3
29113000011,3
29113000017,3
29113000005,3
29113000003,3
29113000021,3
29113000019,3
29113000018,3
29113000002,3
29113000025,3
29113000020,3
29113000012,3
29113000013,3
29113000008,3
29113000024,3
29113000015,3
29219000013,3
29219000005,3
29219000023,3
29219000021,3
29219000004,3
29219000020,3
29219000016,3
29219000009,3
29219000019,3
29219000017,3
29219000014,3
29219000018,3
29219000006,3
29219000011,3
29219000015,3
29219000008,3
29219000007,3
29219000002,3
29219000012,3
29219000024,3
29219000003,3
29219000010,3
29219000022,3
29139000006,3
29139000004,3
29139000007,3
29139000011,3
29139000005,3
29139000002,3
29139000010,3
29139000008,3
29139000003,3
29183000225,4
29183000229,4
29183000221,5
29183000222,4
29183000226,4
29183000210,4
29183000214,4
29183000186,4
29183000189,4
29183000181,4
29183000183,3
29183000187,4
29183000198,4
29183000182,4
29183000200,4
29183000199,4
29183000217,4
29183000197,4
29183000202,4
29183000207,4
29183000203,4
29183000196,4
29183000193,4
29183000213,4
29183000218,4
29183000208,4
29183000157,4
29183000194,4
29183000173,4
29183000206,5
29183000219,4
29183000205,4
29183000211,4
29183000212,4
29183000215,5
29183000170,4
29183000220,5
29183000091,5
29183000086,5
29183000227,5
29183000234,5
29183000084,5
29183000085,5
29183000100,5
29183000111,5
29183000113,5
29183000102,5
29183000101,5
29183000106,5
29183000130,5
29183000128,5
29183000131,5
29183000132,5
29183000107,5
29183000228,5
29183000230,5
29183000129,5
29183000150,5
29183000147,5
29183000231,5
29183000152,5
29183000126,5
29183000124,5
29183000146,5
29183000155,4
29183000154,4
29183000083,5
29183000104,5
29183000025,5
29183000022,5
29183000103,5
29183000087,5
29183000080,5
29183000015,5
29183000028,5
29183000024,5
29183000063,5
29183000021,5
29183000122,3
29183000062,5
29183000121,3
29183000001,6
29183000149,3
29183000145,3
29183000162,4
29183000160,4
29183000148,3
29183000169,4
29183000144,4
29183000156,4
29183000140,4
29183000143,4
29183000139,4
29183000153,4
29183000167,4
29183000163,4
29183000151,4
29183000161,4
29183000165,3
29183000166,4
29183000185,3
29183000184,3
29183000190,3
29183000057,6
29183000056,6
29183000036,5
29183000034,6
29183000159,4
29183000004,6
29183000033,5
29183000054,6
29183000051,6
29183000043,6
29183000045,6
29183000041,6
29183000031,5
29183000014,5
29183000047,5
291890NW213,6
29183000071,5
29183000016,5
29183000005,6
29510000068,8
29510000072,8
29510000054,8
2951016-099,8
29510000050,8
29510000051,8
29510000149,8
29510000150,8
29510000069,8
2951016-091,8
29510000148,8
29510000070,8
2951016-097,8
29510000061,8
29510000067,8
29510000049,8
29510000042,8
29510000040,8
29510000048,8
29510000046,8
29510000064,8
29510000062,8
29510000041,8
2951016-207,8
29510000184,8
29510000105,8
29510000108,8
29510000102,8
29510161410,8
29510000109,8
2951016-156,8
29510000106,8
29510000063,8
29510000059,8
29510000058,8
29510000060,8
29510000107,8
29510000056,8
29510000052,8
29510000035,8
29510000053,8
29510000047,8
2951016-058,8
2951016-057,8
29510000045,8
29510000044,8
29510000036,8
2951016-053,8
29510000033,8
2951016-031,8
29510000142,8
29510000032,8
2951016-303,8
2951016-039,8
29510000043,8
29510000140,8
29510000139,8
29510000141,8
29510000145,8
29510000143,8
29510000144,8
2951016-183,8
29510000131,8
29510000136,8
29510000119,8
2951016-192,8
29510000127,8
2951016-173,8
29510000124,8
29510000122,8
29510000130,8
29510000128,8
29510000134,8
29510000125,8
29510000209,8
29510000200,8
29510162811,8
2951016-202,8
2951016-410,8
29510000026,8
29510000135,9
2951016-149,8
29510000099,8
29510000079,8
2951016-157,8
2951016-108,8
29510000101,9
29510000077,9
29510000076,9
29510000057,9
29510000075,9
2951016-109,9
29510000074,9
29510161013,9
29510000126,9
29510161012,9
29510000174,9
29510000201,9
29510000203,9
29510000208,9
29510000205,9
2951016-026,8
29510000037,8
29510000019,8
29510000017,8
29510000010,8
2951016-036,8
29510000025,8
2951016-041,8
2951016-049,8
2951016-046,8
29510000031,8
29510000133,9
29510000022,8
29510000028,8
29510000030,8
29510000027,8
29510000020,8
29510000152,8
29510000151,8
29510000007,9
29510000006,9
29510000023,8
2951016-219,8
2951016-218,9
29510000008,8
29510000003,9
29510000153,8
29510000154,8
29510000157,9
29510000187,9
2951016-228,9
29510000186,9
29510000162,9
29510000161,9
29510000191,9
29510000073,9
29510000188,9
29510000189,9
29510000190,9
29510000169,9
29510000078,9
29510161011,9
29510000168,9
29510161010,9
29510000183,8
29510000103,8
29510000146,8
2951016-256,8
2951016-255,8
2951016-257,8
29510000112,9
29510000100,9
29510000098,9
29510000113,9
29510000115,9
29510000170,9
29510000117,9
29510000171,9
29510000176,9
29510000165,9
29510000177,9
2951016-241,9
29510000066,8
29510000147,8
2951016-206,8
29510000185,8
29510000182,8
2951016-148,8
29510000092,9
29510000089,9
29510000111,9
29510000180,9
29510000178,9
29510000179,9
29510000202,9
2951016-137,8
29510000104,8
29510000095,8
29510000097,8
29510000167,9
29510000094,8
29510000093,8
29510000090,9
29510000091,9
29510000116,9
2951016-164,9
29510000172,9
29510000166,9
29510000175,9
29510000088,8
29510000087,9
29189GRA025,10
29189GRA021,10
29189GRA016,10
29510000084,8
29510000081,8
29510000118,9
29189HAD022,9
29510000096,8
29510000085,9
2951016-116,8
29510000083,8
29510000086,8
29189GRA042,10
29189GRA040,10
29189GRA033,10
29510000082,8
29510000080,8
29189LEM011,10
29189CON002,10
2951016-102,8
2951016-101,8
29189LEM020,10
29189CON017,10
29189CON034,10
29510000206,9
29510000163,9
29510000164,9
29189UNV009,7
29189UNV011,7
29510000158,9
29510000159,9
29510000155,9
29510000156,9
2951016-011,9
29189UNV008,7
29189UNV007,7
29189UNV006,7
29510000160,9
29510000005,9
29510000011,9
29189UNV037,7
29510000004,9
29510000196,9
29189UNV021,7
29189UNV045,7
29510000193,9
29510000194,9
29510000192,9
29189NOR002,7
29189NOR003,7
29189NOR041,7
29189NOR001,7
29189NOR005,7
29189UNV030,7
29189NOR033,7
29189NOR009,7
29510000195,9
29189NOR006,7
29189NOR022,7
29189NOR029,7
2951016-279,9
29189NOR051,7
29189NOR008,7
29189NOR222,7
29189NOR218,7
29189NOR007,7
2951016-024,9
2951016-013,9
29510000197,9
29189NOR045,7
29510000198,9
29189NOR044,7
29510000014,9
29510000199,9
29189NOR048,7
29189UNV012,7
29189LEM007,10
29189LEM201,10
29189LEM202,10
29189LEM028,10
29189LEM010,10
29189LEM025,10
29189LEM026,10
29189LEM200,10
29189LEM027,10
29189LEM014,10
29189LEM205,10
29189LEM204,10
29189CON005,10
29189LEM001,10
29189LEM005,10
29189LEM021,10
29189LEM012,10
29189LEM002,10
29189LEM030,10
29189LEM009,10
29189LEM022,10
29189LEM006,10
29189LEM008,10
29189NRW046,7
291890SF008,7
29189NRW045,7
29189NRW044,7
29189NRW043,7
29189NRW201,7
29189NRW039,7
29189FER014,7
291890SF018,7
291890SF030,7
29189SPL004,6
29189SPL207,6
29189FER208,6
291890SF004,7
291890SF003,7
291890SF002,7
291890SF022,7
291890SF024,7
291890SF001,7
29189FER042,6
29189FER022,6
29189FER046,6
29189FER045,6
29189FER019,6
29189SPL002,6
29189SPL007,6
29189SPL001,6
29189FER018,6
29189SPL022,6
29189FER041,7
29189FER027,7
29189FER039,7
29189FER010,7
29189FER028,7
29189FER009,7
29189FER034,7
29189FER035,7
29189FER038,7
29189FER032,7
29189FER020,7
29189NRW017,7
29189NRW007,7
29189FER043,7
29189FER008,7
29189FER025,7
29189FER004,7
29189FER007,7
29189FER006,7
29189FER002,7
29189FER030,7
29189FER040,6
29189FER037,6
29189FLO010,6
29189FER005,7
29189FER033,7
29189FER036,6
29189FER016,6
29189FLO004,6
29189FER023,6
29189FLO006,6
29189FLO013,6
29189FER017,6
29189SPL021,6
29189SPL009,6
29189FER029,6
29189SPL012,6
29189SPL202,6
29189SPL208,6
29189SPL020,6
29189SPL015,6
29189FLO003,6
29189SPL201,6
29189SPL018,6
29189FLO005,6
29189FLO017,6
29189FLO002,6
29189SPL026,6
29189FLO200,6
29189FER207,7
29189FER206,7
29189FER013,7
29189FER015,7
29189FER044,7
29189FLO007,6
29189FLO029,6
29189FLO022,6
29189FLO011,6
29189FLO014,6
29189FLO023,6
29189FLO024,6
291890SF016,7
291890SF019,7
291890SF005,7
29189SPL017,6
291890SF012,7
291890SF026,7
291890SF028,7
29189SPL003,6
29189SPL025,6
291890SF032,7
291890SF015,7
291890SF025,7
291890SF035,7
291890SF006,6
291890SF020,6
29189SPL023,6
29189SPL005,6
291890SF010,6
291890SF033,6
291890SF023,7
291890SF029,7
291890SF007,6
29189SPL019,6
291890SF034,7
291890SF009,6
29510000012,9
291890SF027,7
291890SF200,7
29189FER024,7
29189FER003,7
29189FLO012,6
29189FLO016,6
29189SPL011,6
29189NRW005,7
29189SPL014,6
29189FLO205,6
29189NRW004,7
291890AP038,7
29189FLO020,6
29189FER011,6
29189FLO031,6
29189NRW003,7
29189FER001,6
29189FLO008,6
29189FLO019,6
29189FLO009,6
29189SPL010,6
29189SPL016,6
291890AP003,7
29189FER026,6
29189FLO018,6
29189FLO001,6
29189FLO201,6
29189FLO015,6
291890LC203,6
291890LC010,6
29189001600,6
29189FLO027,6
29189FLO021,6
29189FLO025,6
291890LC025,6
29189SPL024,6
291890AP034,6
291890LC018,6
291890LC004,6
291890LC031,6
29189SPL028,6
29189SPL008,6
291890LC030,6
291890LC020,6
291890LC014,6
291890LC021,6
29189SPL027,6
29189SPL006,6
291890LC007,6
291890LC008,6
291890NW010,6
29189FLO207,6
29189FLO030,6
291890LC019,6
291890LC009,6
291890LC027,6
291890LC003,6
29189SPL013,6
291890LC017,6
291890LC012,6
291890LC026,6
291890LC032,6
291890LC028,6
291890LC022,6
291890LC002,6
29189FLO026,6
291890LC005,6
291890LC200,6
291890AP225,6
291890AP232,6
29189FLO028,6
291890NW225,6
291890NW002,6
291890AP027,7
29189NRW006,7
29189NRW002,7
291890AP230,6
291890AP206,7
291890AP237,7
291890LC016,6
291890AP019,6
291890LC013,6
291890LC006,6
29189NRW028,7
29189NRW032,7
29189NRW026,7
29189FER012,7
29189NRW009,7
29189NRW021,7
29189NRW025,7
29189FER021,7
29189FER031,7
29189NRW015,7
29189NRW019,7
29189NRW008,7
29189NRW200,7
29189NRW001,7
29189NRW027,7
29189NOR012,7
29189NOR010,7
29189NRW029,7
291890AP036,7
291890AP010,7
291890AP039,7
291890AP233,7
291890AP203,7
291890LC011,6
291890LC015,6
29189NOR004,7
291890AP005,7
291890LC023,6
291890LC204,6
29189NRW203,7
291890AP001,7
291890AP043,7
291890AP215,7
291890NW045,6
291890LC209,6
291890AP007,7
291890AP208,7
291890NW034,6
291890AP021,7
291890AP018,7
291890AP002,7
29189NOR018,7
29189NOR050,7
29189NOR030,7
29189NOR017,7
29189NRW202,7
29189NOR013,7
29189NOR202,7
29189NOR024,7
291890AP045,7
291890AP051,7
291890AP016,7
291890AP015,7
29189NOR204,7
29189NOR208,7
291890AP014,7
291890AP037,7
29189MID047,7
29189MID007,7
291890AP009,7
291890AP025,7
291890AP006,7
291890AP048,7
291890AP022,7
291890AP024,7
291890AP030,7
29189NOR014,7
291890AP050,7
29189NOR026,7
29189NOR027,7
291890AP013,7
29189MID021,7
291890AP008,7
291890NW005,7
29189NRW204,7
29189NOR036,7
29189NRW035,7
29189NRW051,7
29189NRW030,7
29189NRW050,7
29189NRW205,7
29189NRW047,7
29189NRW049,7
29189NRW031,7
29189NRW048,7
29189NRW036,7
29189NRW041,7
29189NRW033,7
29189NRW037,7
29189NRW018,7
29189NRW034,7
29189NRW011,7
29189NRW013,7
29189NRW014,7
29189NRW023,7
29189NRW022,7
29189NRW010,7
291890AP011,7
291890AP031,7
291890AP211,7
291890AP214,7
291890AP200,7
291890AP216,7
291890NW207,7
291890NW200,7
291890NW219,6
291890NW217,6
291890NW024,6
291890NW025,6
291890NW023,6
291890NW018,6
291890AP044,7
291890AP033,7
291890AP217,7
291890AP207,7
291890AP029,7
291890AP035,7
291890NW212,7
291890NW210,7
291890NW017,7
291890AP049,7
291890AP218,7
291890AP028,7
291890NW028,7
291890NW209,6
291890NW030,6
291890NW048,6
291890NW202,6
291890AP020,7
291890NW027,7
291890NW016,7
291890NW003,7
291890AP040,7
291890AP046,7
29189MID042,11
29189MID035,11
29189MID050,11
291890AP032,11
291890AP004,7
291890AP047,7
291890AP012,7
291890AP017,7
291890NW031,7
291890NW012,7
291890NW229,6
291890NW050,7
291890NW041,6
291890NW044,6
29189NOR053,7
29189MID022,7
29189MID023,7
29189MID046,7
29189MID056,7
29189MID027,7
291890AP041,11
291890AP201,11
291890AP202,11
291890AP026,11
291890AP023,7
291890NW014,11
291890NW049,11
291890NW037,7
291890NW011,7
291890NW051,7
291890NW205,6
291890NW208,6
29189MID009,7
29189MHT017,11
291890AP042,7
291890NW039,7
291890NW042,6
291890NW206,6
291890NW032,6
29189NOR023,7
29189MID012,7
29189MID006,7
29189MID043,7
29189MID033,7
29189MID061,11
291890NW216,7
29189MID014,7
29189MID024,11
29189MHT018,11
291890NW052,11
291890NW211,11
291890NW020,7
291890NW026,7
291890NW214,7
29189MID011,11
291890NW001,5
291890NW043,5
291890NW204,5
29189MHT014,11
29189MID002,7
29189MID003,7
291890NW047,11
291890NW203,5
291890NW021,5
29189MID053,7
29189MID005,7
29189MID008,7
29189MID052,7
29189MID059,7
291890CC057,11
291890CC201,11
291890CC221,11
291890CC018,11
29189MHT206,11
291890CC041,11
291890CC008,11
29189MID026,7
29189MID004,7
291890CC205,7
291890CC043,11
291890CC042,11
291890CC053,11
291890CC006,11
291890NW220,5
29189MID019,7
291890CC203,11
291890CC031,11
291890CC035,11
29189MID201,7
291890NW019,5
291890NW013,5
29189MID048,7
29189MID036,7
29189MID054,7
29189MID202,7
29189MID016,7
29189MID041,7
291890CC038,7
291890CC208,11
291890CC017,11
291890CC044,11
291890CC003,11
291890CC005,11
291890NW029,11
291890NW201,5
291890CC030,11
291890CC058,11
291890CC047,11
291890CC037,11
291890CC045,11
291890CC050,11
291890NW035,5
29189MHT015,5
291890NW033,5
29189MID045,7
291890CC022,7
291890CC012,7
291890CC048,7
29189MID017,7
29189MID013,7
29189MID028,7
29189MID058,7
29189MID057,7
291890CC202,7
291890CC033,11
291890CC023,11
291890CC055,11
291890CC036,11
291890CC014,11
291890CC032,11
291890CC056,11
291890CC054,11
291890CC004,11
291890CC002,11
29189MHT046,11
29189MHT020,11
29189MHT048,11
29189MID037,7
29189MID001,7
29189MID039,7
291890CC013,7
291890CC016,11
291890CC214,11
29189MHT013,11
29189MHT044,11
291890CC015,9
291890CC051,7
291890CC024,11
291890CC021,11
291890CC011,11
291890CC009,11
291890CC007,11
29189MHT043,11
29189MHT032,11
29189MHT006,11
29189MHT011,11
29189CLA016,9
291890CC019,11
291890CC046,11
291890CC052,11
291890CC025,11
29189MHT050,11
291890CC028,11
29189CLA203,9
29189CLA026,9
291890CC027,11
291890CC039,11
291890CC040,11
29189MHT053,11
29189CLA040,11
29189CLA012,9
29189CLA202,11
29189CLA025,11
291890CC034,11
291890MR031,11
291890MR051,11
291890MR056,11
29189CC1603,11
29189CC1601,11
29189CC1602,11
291890CC020,11
29189MHT054,11
29189CLA037,11
291890MR039,11
29189CLA013,9
29189CLA028,9
29189CLA034,11
291890MR046,11
291890MR042,11
29189CLA023,11
29189CLA036,11
29189CLA049,11
291890MR034,11
291890MR037,11
29189CLA024,9
29189CLA014,9
29189CLA005,9
29189CLA047,9
29189MID029,7
29189MID034,7
29189MID044,7
29189CLA205,11
291890MR040,11
291890MR006,11
29189CLA050,11
29189CLA007,9
29189MID040,7
29189MID049,7
29189MID051,7
29189CLA035,11
29189CLA030,11
29189CLA027,9
29189CLA032,11
29189CLA020,9
29189CLA043,9
29189UNV040,9
29189UNV041,9
29189UNV034,9
29189UNV039,9
29189MID204,9
29189UNV022,9
29189CLA046,11
29189CLA010,11
29189CLA004,9
29189CLA011,9
29189UNV033,9
29189UNV042,9
29189UNV035,9
29189CLA031,11
29189MID200,9
29189UNV038,9
29189CLA039,11
29189CLA038,11
29189CLA206,11
29189CLA019,9
29189CLA044,9
29189CLA003,9
29189UNV029,9
29189UNV031,9
29189CLA029,9
29189UNV043,9
29189UNV032,9
29189UNV028,9
29189UNV027,9
29189MID031,9
29189UNV202,9
29189CLA009,9
29189CLA008,9
29189UNV023,9
29189MID055,9
29189CLA017,9
29189MID038,9
29189MID018,7
29189MID025,7
29189HAD025,9
29189HAD001,9
29189HAD026,9
29189CLA002,9
29189CLA052,9
29189CLA001,9
29189UNV024,9
29189UNV003,7
29189UNV025,9
29189MID010,9
29189UNV036,7
29189MID020,7
29189HAD021,9
29189HAD012,9
29189UNV019,9
29189UNV208,9
29189MID030,7
29189HAD016,9
29189UNV020,9
29189UNV017,7
29189UNV026,9
29189NOR028,7
29189NOR054,7
29189MID032,7
29189HAD005,9
29189HAD009,9
29189HAD034,9
29189NOR203,7
29189NOR020,7
29189NOR015,7
29189NOR046,7
29189NOR047,7
29189NOR201,7
29189NOR032,7
29189MID060,7
29189NOR043,7
29189MID015,7
29189NOR031,7
29189HAD008,9
29189UNV016,9
29189UNV015,9
29189UNV018,9
29189NOR055,7
29189NOR038,7
29189NOR035,7
29189NOR049,7
29189NOR021,7
29189NOR052,7
29189NOR200,7
29189NOR025,7
29189HAD018,9
29189HAD017,9
29189HAD035,9
29189UNV002,7
29189NOR016,7
29189NOR056,7
29189HAD011,9
29189HAD010,9
29189UNV004,9
29189UNV014,9
29189UNV010,7
29189UNV001,7
29189HAD004,9
29189HAD015,9
29189HAD028,9
29189HAD023,9
29189HAD027,9
29189HAD030,11
29189HAD003,11
29189HAD029,9
29189HAD019,11
29189HAD032,11
29189HAD002,11
29189CLA041,11
29189HAD033,11
29189JEF013,11
29189CLA021,11
29189CLA051,11
29189CLA022,11
29189JEF001,11
29189CLA045,11
29189CLA042,11
29189CLA033,11
29189JEF014,11
29189JEF037,11
29189BON031,11
29189JEF033,11
29189JEF002,11
29189CLA201,11
29189BON032,11
29189HAD006,11
29189HAD200,11
29189HAD024,11
29189HAD007,11
29189JEF018,11
29189JEF020,11
29189JEF024,11
29189JEF007,11
29189JEF012,11
29189JEF022,11
29189JEF017,11
29189CLA200,11
29189JEF036,11
29189JEF034,11
29189JEF030,11
29189JEF009,10
29189JEF011,10
29189HAD031,10
29189JEF027,11
29189JEF025,11
29189JEF026,11
29189JEF035,11
29189JEF032,11
29189BON002,11
29189BON001,11
29189JEF015,10
29189JEF031,11
29189JEF006,10
29189JEF029,10
29189JEF008,11
29189JEF019,11
29189JEF016,11
29189JEF200,11
29189JEF004,11
29189JEF003,11
29189BON004,11
29189BON018,11
29189BON036,11
29189JEF010,11
29189GRA022,10
29189JEF028,10
29189JEF023,11
29189JEF021,11
29189GRA006,10
29189JEF202,11
29189BON024,11
29189JEF005,10
29189GRA036,10
29189GRA038,10
29189GRA027,10
29189GRA206,11
29189BON203,11
29189BON202,11
29189GRA019,10
29189GRA015,10
29189GRA018,10
29189GRA013,10
29189GRA035,10
29189GRA001,10
29189GRA020,10
29189GRA004,10
29189GRA209,11
29189BON014,11
29189GRA210,11
29189BON017,11
29189BON013,11
29189GRA044,10
29189GRA045,10
29189GRA202,10
29189GRA009,10
29189GRA048,10
29189GRA017,10
29189GRA032,10
29189GRA005,10
29189GRA046,10
29189GRA201,10
29189GRA008,10
29189GRA003,11
29189CON027,10
29189CON008,10
29189CON009,10
29189CON038,10
29189CON023,10
29189CON004,10
29189GRA007,10
29189GRA043,10
29189GRA029,10
29189GRA047,10
29189GRA028,10
29189GRA037,10
29189GRA024,10
29189CON036,10
29189CON213,10
29189CON053,10
29189CON010,10
29189CON013,10
29189GRA026,10
29189GRA041,10
29189GRA011,10
29189CON032,10
29189CON018,10
29189CON026,10
29189CON037,10
29189CON200,10
29189CON022,10
29189CON047,10
29189CON046,10
29189CON028,10
29189CON044,10
29189GRA014,10
29189CON048,10
29189CON012,10
29189CON030,10
29189CON204,10
29189CON050,10
29189CON016,10
29189CON014,10
29189CON033,10
29189CON021,10
29189CON049,10
29189CON006,10
29189CON024,10
29189CON025,10
29189GRA010,10
29189LEM017,10
29189CON205,10
29189CON011,10
29189CON039,10
29189LEM024,10
29189CON212,10
29189CON042,10
29189CON052,10
29189CON045,10
29189CON015,10
29189CON031,10
29189CON003,10
29189CON001,10
29189LEM015,10
29189CON020,10
29189CON051,10
29189CON035,10
29189CON019,10
29189CON007,10
29189CON029,10
29189CON043,10
29189CON040,10
29189LEM029,10
29189TSF019,10
29189CON041,10
29189TSF014,10
29189LEM033,10
29189LEM208,10
29189TSF007,10
29189TSF023,10
29189TSF018,10
29189LEM023,10
29189LEM031,10
29189LEM032,10
29189LEM003,10
29189TSF010,10
29189LEM018,10
29189TSF021,10
29189TSF022,10
29189TSF020,13
29189TSF005,10
29189LEM013,10
29189LEM019,10
29189OAK012,10
29189LEM016,10
29189OAK010,10
29189TSF008,10
29189TSF011,10
29189TSF012,10
29189TSF201,10
29189TSF013,10
29189TSF026,10
29189TSF025,10
29189TSF006,10
29189OAK027,10
29189OAK024,10
29189OAK009,10
29189TSF017,13
29189TSF016,13
29189TSF009,13
29189OAK003,10
29189TSF003,10
29189OAK028,10
29189TSF024,13
29189TSF027,13
29189OAK004,10
29189OAK025,10
29189TSF015,13
29189OAK016,10
29189OAK011,10
29189OAK023,10
29189TSF004,10
29189OAK018,10
29189OAK022,10
29189OAK013,10
29099000006,13
29189OAK015,10
29189OAK008,10
29189OAK005,10
29189OAK014,10
29099000009,13
29189OAK002,10
29189OAK029,10
29189OAK007,10
29189OAK021,10
29189OAK006,10
29099000008,13
29189OAK020,10
29189OAK019,10
29189OAK026,10
29189OAK001,10
29189LEM004,10
29189OAK017,10
29099000007,13
29189TSF002,13
29099000056,13
29189TSF001,10
29189CON202,10
29099000079,13
29189BON206,10
29189BON037,13
29099000075,13
29189CON206,10
29189GRA031,10
29189BON020,10
29189GRA023,10
29189GRA030,10
29189GRA034,10
29189GRA012,10
29189BON035,10
29189GRA002,10
29189BON040,10
29189BON016,10
29189BON026,11
29189BON011,11
29189BON029,11
29189BON034,11
29189BON200,13
29189BON207,13
29189BON038,13
29189BON028,13
29189BON030,13
29189BON023,11
29189BON005,11
29189BON211,13
29189BON012,11
29189BON022,11
29189BON006,11
29189BON008,11
29189BON007,11
29189BON033,11
29189BON027,11
29189BON019,11
29189CLA006,11
29189CLA015,11
29189BON009,11
291890MR022,11
291890MR019,11
29189BON210,13
29189BON205,13
291890MR001,11
291890MR011,11
291890MR049,11
291890MR200,11
291890MR009,11
291890MR028,12
291890MR043,11
291890MR054,12
291890MR041,12
291890MR204,11
291890MR059,11
291890MR033,12
291890CC026,11
29189HAD020,9
29189HAD013,9
29189HAD014,9
29189UNV005,7
29189UNV201,7
29189UNV013,7
29189NOR037,7
29189NOR040,7
29189NOR042,7
29189NOR011,7
29189NOR213,7
29189NOR039,7
29189NOR019,7
29189NOR034,7
29189NRW040,7
29189NRW024,7
29189NRW038,7
29189NRW012,7
29189NRW016,7
29189NRW042,7
291890SF014,7
291890SF013,7
2951016-014,9
29189NRW020,7
291890SF031,7
291890LC029,6
291890LC024,6
291890NW022,6
291890NW046,6
291890LC001,6
291890NW007,6
291890NW040,6
291890NW009,6
291890NW008,6
29189NW1604,6
291890NW015,6
291890NW004,6
29189MHT025,11
29189MHT010,11
29189MHT049,11
29189MHT033,11
29189MHT042,11
29189MHT041,11
29189MHT200,11
29189MHT220,11
29189MHT022,5
29189MHT057,11
29189MHT029,11
29189MHT059,11
29189MHT058,11
29189MHT047,11
29189MHT036,5
29189MHT012,5
29189MHT052,11
29189MHT021,11
29189MHT040,11
29189MHT023,11
29189MHT038,11
291890NW038,5
29189MHT031,11
29189MHT216,11
29189MHT211,5
29189MHT034,11
29189MHT030,12
29189MHT203,5
29189MHT037,5
291890NW036,6
291890NW215,6
291890CC001,11
291890MR029,11
291890MR025,11
291890MR026,11
29189LAF005,12
291890MR002,11
29189MHT208,11
29189MHT207,11
29189MHT223,11
29189MHT051,11
291890CC049,11
291890CC010,11
29189MHT055,11
29189MHT212,11
29189MHT009,11
29189MHT028,11
291890MR004,11
291890MR044,11
291890MR048,11
291890MR045,11
29189MHT056,11
291890MR209,11
291890MR003,11
29189LAF046,12
29189LAF020,12
29189LAF006,12
291890MR202,11
291890MR213,11
291890MR013,11
291890MR053,12
291890MR016,12
29189MHT035,11
29189MHT219,11
29189MHT039,11
29189MHT005,12
29189MHT001,12
29189MHT214,11
291890MR052,11
291890MR055,11
291890MR050,11
291890MR212,11
291890MR020,11
291890MR023,12
291890MR018,11
291890MR017,12
29189MHT004,12
29189MHT002,12
29189MHT007,12
29189MHT026,12
29189MHT027,12
29189MHT024,12
29189MHT019,12
29189LAF016,12
29189LAF015,12
29189LAF011,12
29189LAF014,12
29189LAF028,12
29189LAF029,12
29189LAF008,12
291890MR032,12
29189LAF030,12
29189LAF012,12
291890MR010,12
29189CHE019,12
291890MR038,12
29189MHT003,12
29189CHE045,12
29189MHT016,12
29189CHE022,12
29189CHE042,12
29189MHT008,11
29189MHT222,12
29189MHT045,12
29189MHT213,12
291890NW006,6
291890MR203,12
291890MR036,12
291890MR210,12
291890MR035,11
291890MR030,12
291890MR014,12
29189LAF002,12
29189LAF207,12
29189LAF003,12
29189LAF004,12
291890MR027,12
291890MR008,12
291890MR007,12
291890MR015,12
29189QUE005,12
29189QUE001,12
29189QUE002,12
29189QUE030,12
29189QUE018,12
29189QUE026,12
29189QUE207,12
29189QUE210,12
29189QUE208,12
29189LAF044,12
29189LAF042,12
29189LAF045,12
29189LAF205,12
29189LAF200,12
29189LAF019,12
29189LAF009,12
29189LAF018,12
29189LAF017,12
291890MR058,12
291890MR021,12
291890MR012,12
291890MR057,12
29189QUE044,12
29189QUE022,12
29189QUE023,12
29189QUE014,12
29189QUE004,12
29189QUE016,12
29189QUE003,12
29189QUE027,12
291890MR205,12
29189QUE049,12
29189QUE007,12
29189QUE010,12
29189QUE029,12
29189QUE045,12
291890WH041,12
291890WH011,12
291890WH015,12
291890WH033,12
291890WH032,12
291890WH034,12
291890WH046,12
29189LAF024,12
29189LAF025,12
29189LAF013,12
29189QUE011,13
29189QUE040,13
29189QUE008,12
29189QUE201,12
29189QUE042,13
29189QUE046,13
29189QUE035,13
29189QUE032,13
29189QUE039,13
29189QUE204,12
29189QUE211,12
29189QUE036,13
29189QUE043,12
29189QUE041,12
29189QUE024,12
29189QUE015,12
29189QUE019,12
29189MER029,12
29189QUE013,12
29189QUE012,12
291890WH024,12
29189MER047,12
29189LAF023,12
29189QUE017,13
29189QUE034,13
29189QUE021,12
29189QUE028,13
29189QUE037,12
29189QUE031,12
29189QUE048,12
29189MER045,12
29189MER039,12
29189MER033,12
291890WH029,12
29189MER027,12
291890WH038,12
291890WH044,12
291890WH043,12
29189LAF038,12
29189LAF036,12
29189QUE209,13
29189MER001,13
29189QUE025,13
29189QUE038,13
29189QUE033,12
29189QUE047,12
29189MER048,12
29189MER012,12
29189MER034,12
291890WH040,12
291890WH202,12
29189LAF039,12
29189LAF035,12
29189MER011,12
29189QUE213,13
29189MER015,13
29189MER044,13
29189MER204,13
29189MER215,13
29189MER202,13
29189MER210,13
29189MER213,13
29189MER200,13
29189MER006,13
29189MER036,12
291890WH042,12
29189MER008,12
29189MER021,12
29189MER041,12
291890WH045,12
291890WH006,12
291890WH001,12
291890WH037,12
291890WH200,12
291890WH047,12
291890WH035,12
291890WH039,12
291890WH016,12
29189MER010,12
291890WH203,12
291890WH026,12
29189MER028,12
29189MER207,12
29189MER038,13
291890WH036,12
291890WH007,12
291890WH031,12
291890WH017,12
291890WH014,12
291890WH027,12
291890WH208,12
291890WH025,12
291890WH023,12
291890WH002,12
291890WH028,12
291890WH005,12
291890WH008,12
291890WH013,12
29189LAF027,12
291890WH030,12
29189CHE023,12
29189CHE003,12
291890WH018,12
29189CHE013,12
291890WH019,12
29189LAF040,12
29189LAF010,12
29189CHE011,12
29189LAF041,12
29189LAF043,12
291890WH003,12
291890WH009,12
291890WH012,12
291890WH020,12
29189CHE021,12
29189CHE040,12
29189LAF007,12
29189LAF033,12
29189LAF034,12
29189LAF037,12
29189LAF026,12
29189CHE010,12
29189CHE203,12
29189CHE009,12
29189CHE026,12
291890WH021,12
291890WH022,12
29189CHE024,12
29189CHE020,12
29189CHE029,12
29189CHE025,12
29189CHE005,12
29189LAF032,12
29189CHE014,12
29189LAF047,12
29189CHE008,12
29189CHE033,12
29189CHE215,12
29189CHE004,12
29189CHE047,12
29189CHE028,12
29189LAF031,12
29189CHE031,12
29189CHE032,12
29189CHE052,12
29189CHE012,12
29189CHE041,12
29189CHE214,12
29189CHE015,12
29189CHE027,12
29189CHE053,12
29189CHE212,12
29189CHE030,12
29189CHE016,12
29189CHE001,12
29189CHE037,12
29189CHE002,12
29189CH1605,12
29189CHE018,12
29189CHE600,12
29189CHE044,12
29189LAF001,12
291890WH004,12
291890WH010,12
29189CHE035,12
29189CHE017,12
29189CHE050,12
29189CHE034,12
29189CHE006,12
29189CHE007,12
29189CHE038,12
29189CHE043,12
29189MER003,12
29189CHE049,12
29189CHE039,12
29189CHE051,12
29189MER004,12
29189MER002,12
29189MER209,12
29189CHE054,12
29189MER022,12
29189MER030,12
29189CHE046,12
29189MER017,12
29189MER040,12
291890WH201,12
29189CHE036,12
29189CHE055,12
29189MER042,13
2909916-090,13
29189MER024,13
29189MER031,13
29189QUE020,13
29099000034,13
2909916-089,13
29099000061,13
29189MER025,13
29189MER032,13
29189QUE006,13
29189QUE205,13
29189QUE203,13
29189MER023,13
29189MER037,13
29189QUE009,13
29189MER026,13
29189MER043,13
29189QUE200,13
29189BON015,13
29189BON025,13
29189BON003,13
29189BON010,13
29189BON208,13
29189BON021,13
29189QUE202,13
29099000077,13
29189BON039,13
29099000064,13
29099000039,13
29189MER020,12
29189MER018,12
29189MER013,12
29189MER019,12
29189CHE048,12
29071000043,15
2909916-112,14
29099000040,14
29099000011,14
29099000087,14
29099000050,14
29099000024,13
2909916-097,13
29099000058,13
29099000044,13
29099000045,13
29099000052,14
29099000004,13
29099000047,13
2909916-096,13
29099000054,13
29099000071,13
2909916-098,13
29099000043,13
2909916-091,13
2909916-093,13
29099000018,13
29099000013,13
29099000078,13
29099000015,13
29099000016,13
29099000074,13
29099000057,13
2909916-088,13
29189MER046,12
29071000040,15
29071000007,15
29071000033,15
29071000035,15
29071000036,15
29189MER016,12
29189MER007,12
29071000019,15
29189MER214,12
29189MER009,12
29071000034,15
29071000057,15
29071000024,15
29189MER014,12
29189MER035,12
29099000014,13
29099000070,13
29099000048,14
29099000063,14
29099000020,14
29099000068,14
2909916-104,14
29099000002,14
2909916-107,14
2909916-106,14
2909913-107,14
2909916-109,14
29099000031,14
2909916-103,14
2909916-102,14
2909916-105,14
29099000069,14
29099000022,14
29099000023,14
2909916-108,14
29099000010,14
29099000030,14
29099000083,14
29099000081,14
2909916-110,14
2909916-111,14
29099000065,14
29099000085,14
29099000021,14
2909916-099,14
29099000038,14
29099000036,14
29099000051,14
2909916-100,14
29099000037,14
29099000026,14
29099000028,14
29099000086,14
29221000016,15
29071000027,15
29221000002,15
29071000012,15
29071000048,15
29071000044,15
29071000037,15
29071000045,15
29071000011,15
29071000046,15
29071000039,15
29071000052,15
29071000056,15
29071000018,15
29071000053,15
29071000054,15
29071000055,15
29071000023,15
29071000041,15
29071000008,15
29071000022,15
29071000009,15
29071000058,15
29071000059,15
29071000060,15
29071000063,15
29071000047,15
29099000029,14
29055000014,15
29071000029,15
29055000018,15
29071000051,15
29071000032,15
29071000049,15
29071000050,15
29055000005,15
29071000013,15
29071000042,15
2907116-064,15
29071000038,15
29071000003,15
29071000025,15
29071000021,15
29071000002,15
29071000015,15
29071000016,15
29071000017,15
29073000005,15
29071000026,15
29071000020,15
29073000006,15
29073000013,15
29186000005,14
29187000025,14
29099000062,14
29187000027,14
29099000080,14
29221000013,15
29221000008,15
29221000009,15
29221000007,15
29187000005,14
29221000019,15
29187000026,14
29221000006,15
29055000011,15
29055000015,15
29221000017,15
29055000012,15
29221000015,15
29221000003,15
29221000011,15
29055000003,15
29055000017,15
29055000016,15
29055000002,15
29055000009,15
29055000019,15
29055000010,15
29055000004,15
29161000034,16
29073000010,15
29073000004,15
29073000012,15
29073000003,15
29073000002,15
29073000011,15
29073000008,15
29055000013,15
29055000007,15
29161000011,16
29161000028,16
29161000029,16
29161000033,16
29161000031,16
29161000032,16
29161000030,16
29161000035,16
29161000036,16
29125000009,16
29125000004,16
29125000002,16
29151000003,15
29151000006,15
29151000014,15
29151000010,15
29151000019,15
29073000017,15
29151000011,15
29151000009,15
29151000018,15
29125000003,16
29125000007,16
29161000013,16
29161000014,16
29161000018,16
29161000017,16
29161000022,16
29161000024,16
29161000019,16
29161000021,16
29161000037,16
29161000020,16
29161000025,16
29161000012,16
29151000007,15
2905116-001,17
29051000046,17
29051000044,17
29051000049,17
29051000008,17
29051000050,17
29051000004,17
2905116-513,17
29051000003,17
29051000034,17
29051000010,17
2905116-512,17
2905116-514,17
2905116-410,17
2905116-411,17
29051000032,17
29051000005,17
29051000006,17
29051000041,17
29051000043,17
29051000042,17
29051000035,17
29051000051,17
29051000052,17
29051000002,17
29051000040,17
2905116-3-9,17
2905116-3-8,17
2905116-3-7,17
2905116-2-5,17
2905116-2-6,17
29051000016,17
29051000009,17
29051000039,17
29051000038,17
29051000037,17
29051000036,17
29051000007,17
29051000045,17
29051000011,17
2905116-002,17
29019000025,18
2901900006D,18
2901900003E,18
2901916-03M,18
29019000034,18
2901916-06J,18
2901900003F,18
2901916-03N,18
29019000041,18
2901900003C,18
2901900003B,18
29019000028,18
2901916-06K,18
2901916-06M,18
2901900006E,18
2901900006I,18
2901900006G,18
2901900006H,18
2901900006C,18
2901916-03H,18
2901916-06L,18
2901900006B,18
2901900001E,18
2901900006A,18
2901900003D,18
2901900001B,18
2901916-01M,18
2901900006F,18
2901900001A,18
29019000027,18
29019000026,18
29019000029,18
29019000032,18
29019000031,18
29019000030,18
29019000035,18
29019000042,18
2901916-043,18
29019000018,18
29019000019,18
29019000038,18
29019000007,18
29019000008,18
29019000039,18
29019000010,18
29019000011,18
29019000012,18
29019000009,18
29019000016,18
29019000020,18
2901900002K,18
2901916-01K,18
29019000015,18
29019000022,18
2901900002I,18
2901900002D,18
2901916-01J,18
2901916-02L,18
2901900001F,18
2901900002F,18
2901900002A,18
2901900001G,18
2901900002G,18
2901900001D,18
2901900002H,18
2901916-045,18
29019000040,18
2901916-03G,18
2901900003A,18
2901900002C,18
2901900002B,18
2901900002J,18
29019000037,18
29019000021,18
2901900004B,18
2901900004K,18
2901900004L,18
2901916-01L,18
2901900004J,18
2901900004G,18
2901916-04M,18
2901900005L,18
2901900004A,18
29019000036,18
2901900005K,18
2901916-05P,18
2901916-044,18
2901900005E,18
2901900005B,18
2901916-05N,18
2901900004C,18
2901900004D,18
2901900004H,18
2901900004E,18
2901900001C,18
2901900004I,18
2901900004F,18
2901900001I,18
2901900005A,18
2901900005G,18
2901900005H,18
2901900005M,18
2901900005I,18
2901900005C,18
2901900005F,18
2901900005J,18
2901900005D,18
29019000017,18
2901916-03L,18
2901916-03I,18
2901916-03J,18
29019000023,18
29019000024,18
29019000033,18
29089000006,2
29089000009,2
29089000003,2
29089000007,2
29089000008,2
29089000002,2
29089000004,2
29089000005,2
29053000013,19
29053000011,19
29053000004,19
29053000012,19
29053000005,19
29053000002,19
29053000007,19
29053000009,19
29053000008,19
29053000010,19
29053000006,19
29195000007,1
29195000008,1
2919516-015,1
2919516-013,1
29195000012,1
29195000006,1
29195000005,1
29195000011,1
29195000003,1
2919516-014,1
29195000010,1
29195000004,1
2919516-016,1
29159000026,19
29159000009,19
29159000013,19
29159000025,19
29159000027,19
29159000007,19
29159000004,19
29159000002,19
29159000003,19
29159000006,19
29159000012,19
29159000024,19
29159000011,19
29159000014,19
29159000023,19
29159000020,19
29159000018,19
29159000017,19
29159000016,19
29159000015,19
29159000019,19
29159000008,19
29159000021,19
29159000022,19
29159000010,19
29159000005,19
29101000006,19
29101000011,19
29101000014,19
29101000013,19
29101000009,19
29101000010,19
29101000012,19
29101000015,19
29101000005,19
29101000016,19
29101000017,19
29101000008,19
29101000003,19
29101000021,19
29101000018,19
29101000019,19
29101000007,19
29101000004,19
29101000002,19
29101000020,19
29083000010,19
29083000013,19
2908316-020,19
29083000003,19
29083000004,19
29083000015,19
29083000002,19
29083000009,19
29083000011,19
29015000008,19
29015000007,19
290150012-6,19
29015000009,19
29015000002,19
29015000005,19
29015000004,19
29015000001,19
29085000002,19
29085000005,19
29085000011,19
29085000003,19
29085000009,19
29085000010,19
29085000004,19
29085000006,19
29085000007,19
29085000008,19
29185000019,19
29185000008,19
29185000005,19
29185000006,19
29185000016,19
29185000004,19
29185000012,19
29185000013,19
29185000003,19
29185000010,19
29185000009,19
29185000015,19
29185000014,19
29185000002,19
29185000007,19
29185000011,19
29185000017,19
29185000018,19
29037000002,26
29037000017,26
29037000003,26
29037000018,26
29037000019,26
29037000004,26
29037000005,26
29037000006,26
29037000015,26
29037000016,26
29037000010,26
29037000014,26
29037000011,26
29037000012,26
29037000013,26
29037000023,26
29037000024,26
29037000025,26
29037000026,26
29037000040,26
29037000041,26
29037000045,26
29037000038,26
29037000031,26
29037000029,26
29037000036,26
29037000008,26
29037000043,26
29037000042,26
29037000044,26
29037000039,26
29037000046,26
29037000037,26
29037000027,26
29037000033,26
29037000032,26
29037000030,26
29037000047,26
29037000034,26
29037000035,26
29037000009,26
29037000028,26
29037000020,26
29037000022,26
29037000021,26
29037000007,26
29037000001,26
29013002825,26
29013002801,26
29013002703,26
29013002705,26
29013002814,26
29013002767,26
29013002701,26
29013002868,26
29013002892,26
29013002850,26
29013002849,26
29013002904,26
29013002722,26
29013002847,26
29013002930,26
29217000004,26
29217000007,26
29217000014,26
29217000002,26
29217000010,26
29217000005,26
29217000017,26
29217000011,26
29217000016,26
29217000008,26
29217000009,26
29217000003,26
29217000013,26
29217000012,26
29217000006,26
29217000015,26
29011000008,26
29011000016,26
2901116-021,26
2901116-018,26
29011000004,26
29011000011,26
29011000010,26
29011000015,26
29057003330,26
29057003289,26
29057003263,26
29057003246,26
29057003244,26
29039003178,26
29057003300,26
29057003294,26
29057003243,26
29039003191,26
29039003052,26
29039003054,26
29039003057,26
29039003139,26
29039003092,26
29039003129,26
29039003192,26
29145000014,27
29097000046,27
29145000011,27
29145000005,27
29145000017,27
29097000013,27
29097000026,27
29097000040,27
29097000024,27
29097000006,27
29097000027,27
29097000045,27
29097000044,27
2914516-028,27
2914516-027,27
2909716-026,27
29097000029,27
29097000022,27
29097000020,27
29097000018,27
2914516-021,27
29097000023,27
29097000016,27
29097000021,27
29097000017,27
29097000043,27
29097000005,27
29145000009,27
29097000019,27
29097000047,27
29097000034,27
29097000032,27
29097000030,27
29097000036,27
2909716-004,27
29097000037,27
29097000002,27
29097000004,27
29097000003,27
29145000007,27
29145000003,27
2914516-029,27
29145000018,27
29145000016,27
29145000013,27
2914516-030,27
2914516-032,27
29145000002,27
29145000008,27
29145000012,27
29145000006,27
29145000004,27
29145000010,27
29145000015,27
29097000038,27
29097000015,27
29097000011,27
29097000007,27
29097000010,27
29097000035,27
29097000042,27
29097000009,27
29097000014,27
29097000008,27
29097000031,27
29097000033,27
29097000012,27
29097000041,27
29069000007,33
29069000014,33
29069000015,33
29069000012,33
29069000016,33
29069000013,33
29069000011,33
29069000021,33
29069000009,33
29155000003,33
29155000009,33
29155000017,33
29155000002,33
29155000021,33
29069000008,33
29069000004,33
29069000022,33
29069000003,33
29069000006,33
29069000010,33
29069000020,33
29069000019,33
29069000018,33
29069000017,33
29069000005,33
29069000002,33
29155000015,33
29155000010,33
29155000020,33
29155000014,33
29155000013,33
29155000011,33
29155000012,33
29155000006,33
29155000005,33
29155000018,33
29155000019,33
29155000016,33
29155000008,33
29155000004,33
29155000007,33
29143000025,33
29143000024,33
29143000003,33
29143000007,33
29143000008,33
29143000022,33
29143000017,33
29143000023,33
29143000021,33
29143000012,33
29143000027,33
29143000010,33
29143000002,33
29143000011,33
29143000009,33
29143000026,33
29143000015,33
29143000018,33
29143000013,33
29143000020,33
29143000019,33
29143000014,33
29143000016,33
29143000029,33
29143000028,33
29143000031,33
29143000030,33
29143000005,33
29143000006,33
29143000004,33
29207000014,33
29207000019,33
29207000018,33
29207000012,33
29207000010,33
29207000007,33
29207000013,33
29207000015,33
29207000016,33
29207000020,33
29207000021,33
29207000002,33
29207000017,33
29207000004,33
29207000005,33
29207000003,33
29207000006,33
29207000008,33
29207000009,33
29207000011,33
29133000020,33
29133000021,33
29133000017,33
29133000018,33
29133000015,33
29133000004,33
29133000002,33
29133000003,33
29133000016,33
29133000012,33
29133000013,33
29133000008,33
29133000009,33
29133000011,33
29133000010,33
29133000007,33
29133000005,33
29133000006,33
29201000009,33
29201000014,33
2920112-002,33
29201000004,33
29133000014,33
29133000019,33
29133000022,33
29133000023,33
29201000006,33
29201000021,33
29201000011,33
29201000019,33
29201000017,33
29201000022,33
29201000016,33
29201000015,33
29201000003,33
29201000010,33
29201000013,33
2920112-001,33
29201000007,33
29201000023,33
29201000012,33
29023000012,33
29023000021,33
29023000002,33
29023000006,33
29023000022,33
29023000026,33
29023000023,33
29023000016,33
29023000009,33
29023000010,33
29023000018,33
29023000020,33
29023000017,33
29023000019,33
29023000014,33
29023000011,33
29023000008,33
29023000024,33
29023000003,33
29023000005,33
29023000015,33
29023000004,33
29023000025,33
29023000013,33
29023000007,33
29119000017,28
29119000006,28
29119000007,28
29119000016,28
29119000011,28
29119000010,28
29119000013,28
29119000012,28
29119000003,28
29119000002,28
29119000018,28
29119000009,28
29119000015,28
29119000008,28
29119000020,28
29119000014,28
29119000004,28
29119000019,28
29009000002,28
29009000022,28
29009000008,28
29009000003,28
29009000023,28
29009000006,28
29009000014,28
29009000021,28
29009000020,28
29009000019,28
29009000009,28
29009000004,28
29009000015,28
29009000018,28
29009000011,28
29009000017,28
29009000013,28
29009000012,28
29009000016,28
29009000005,28
29009000007,28
29009000010,28
29209003933,28
29209003938,28
29209003889,28
29209003814,28
29209003908,28
29209003903,28
29209003842,28
29209003898,28
29209003877,28
29209003900,28
29209003935,28
29209003698,28
29209003751,28
29209003782,28
29209003699,28
29209003723,28
29209003701,28
29209003730,28
29209003800,28
29209003794,28
29109000011,28
29109000014,28
29109000015,28
29109000010,28
29109000012,28
29109000005,28
29109000006,28
29109000020,28
29109000018,28
29109000009,28
29109000019,28
29109000002,28
29109000007,28
29109000013,28
29109000003,28
29109000008,28
29109000017,28
29109000004,28
29109000016,28
29213000009,28
29213000015,28
29213000013,28
29213000016,28
29213000011,28
29213000018,28
29213000003,28
29213000020,28
29213000004,28
29213000022,28
29213000006,28
29213000012,28
29213000005,28
29213000019,28
29213000014,28
29213000002,28
29213000024,28
29213000017,28
29213000021,28
29213000010,28
29213000023,28
29107000005,1
29107000002,1
29107000010,1
29107000016,1
29107000008,1
29107000009,1
29107000003,1
29107000013,1
29107000015,1
29107000019,1
29107000017,1
29107000014,1
29107000021,1
29107000018,1
29107000006,1
29107000011,1
29107000012,1
29107000020,1
29107000004,1
29107000007,1
29031000011,32
29031000019,32
29031000034,32
29031000016,32
29031000017,32
29031000002,32
29031000004,32
29031000031,32
29031000007,32
29031000033,32
29031000029,32
29031000037,32
29031000035,32
29157000002,32
29031000030,32
29031000005,32
29031000006,32
29031000009,32
29031000008,32
29031000003,32
29031000036,32
29031000032,32
29031000028,32
29157000016,32
29031000039,32
29031000025,32
29031000026,32
29031000027,32
29031000015,32
29031000022,32
29031000013,32
29031000014,32
29031000021,32
29031000020,32
29031000023,32
29031000018,32
29031000010,32
29031000024,32
29031000012,32
29031000038,32
29157000015,32
29157000017,32
29157000005,32
29157000010,32
29157000013,32
2915716-018,32
2915716-020,32
29157000012,32
29157000003,32
29157000006,32
29157000007,32
2915716-019,32
29157000009,32
29157000004,32
29157000011,32
29157000008,32
29017000007,32
29017000006,32
29017000012,32
29017000005,32
29123000007,32
29017000009,32
29017000003,32
29017000010,32
29017000011,32
29017000015,32
29123000008,32
29123000003,32
29123000006,32
29123000004,32
29123000005,32
29123000002,32
29223000020,32
29223000014,32
29223000007,32
29223000018,32
29223000010,32
29223000012,32
29223000005,32
29223000006,32
29223000008,32
29093000009,32
29093000006,32
29093000005,32
29223000015,32
29223000017,32
29223000021,32
29223000004,32
29223000013,32
29223000019,32
29223000016,32
29223000002,32
29223000009,32
29223000003,32
29223000011,32
29093000004,32
29093000008,32
29093000010,32
29093000003,32
29093000002,32
29093000007,32
29035003668,32
29179000002,32
29035003611,32
29179000013,32
29203000004,32
29179000008,32
29179000006,32
29179000014,32
29179000012,32
29203000008,32
29035003628,32
29035003694,32
29035003731,32
29035003756,32
29035003789,32
29179000009,32
29179000004,32
29179000011,32
29179000010,32
29179000007,32
29179000003,32
29179000005,32
29203000011,32
29203000003,32
29203000009,32
29203000002,32
29203000007,32
29203000006,32
29203000005,32
29203000010,32
29181000010,32
29181000006,32
29149000003,32
29149000007,32
29181000002,32
29181000008,32
29181000011,32
29149000008,32
29149000009,32
29181000005,32
29181000007,32
29181000012,32
29149000005,32
29149000002,32
29149000012,32
29149000013,32
29149000004,32
29149000014,32
29149000015,32
29149000006,32
29149000011,32
29149000010,32
29149000016,32
29153000006,31
29153000009,31
29153000003,31
29153000008,31
29153000010,31
29153000005,31
29153000011,31
29153000002,31
29153000004,31
29153000007,31
29091000007,31
29091000010,31
29091000005,31
29091000004,31
29091000002,31
29091000021,31
29091000003,31
29091000020,31
29091000019,31
29091000015,31
29091000011,31
29091000008,31
29091000012,31
29091012-22,31
29091000013,31
29091000014,31
29091000006,31
29091000017,31
29091000009,31
29091000018,31
29091000016,31
29065000006,16
29065000003,16
29065000007,16
29065000008,16
29065000004,16
29065000005,16
29065000002,16
29161000007,16
29161000006,16
29161000026,16
29161000027,16
29161000023,16
29161000009,16
29161000015,16
29161000016,16
29161000002,16
29161000010,16
29161000008,16
29169000008,16
29161000004,16
29161000005,16
29161000003,16
29169000009,16
29169000007,16
29169000006,16
29169000003,16
29169000010,16
29169000004,16
29169000002,16
29215000008,16
29215000013,16
29215000003,16
29215000012,16
29215000005,16
29215000014,16
29215000009,16
29215000020,16
29215000018,16
29215000006,16
29215000002,16
29215000021,16
29215000017,16
29215000016,16
29215000011,16
29215000007,16
29215000022,16
29105000013,16
29105000002,16
29105000011,16
29105000004,16
29105000014,16
2910516-027,16
29105000012,16
2910516-025,16
29105000009,16
29105000019,16
29105000010,16
29105000017,16
29105000018,16
29105000015,16
29105000022,16
29105000005,16
2910516-026,16
29105000006,16
29105000016,16
29105000023,16
2910516-024,16
29105000008,16
29105000007,16
29105000020,16
29125000006,16
29125000010,16
29125000005,16
29131000011,17
29125000008,16
29131000005,17
29131000008,17
29131000019,17
29131000009,17
29131000016,17
29131000012,17
29131000023,17
29131000013,17
29131000029,17
29131000018,17
29131000020,17
29151000015,15
29151000004,15
29151000008,15
29151000013,15
29151000020,15
29151000012,15
29151000002,15
29151000005,15
29073000007,15
29073000015,15
29073000014,15
29073000016,15
29073000009,15
29055000006,15
29055000008,15
29187000010,14
29187000011,14
29187000012,14
29187000013,14
29187000018,14
29187000023,14
29186000009,14
29187000021,14
29187000002,14
29187000024,14
29187000019,14
29187000008,14
29187000007,14
29187000009,14
29187000014,14
29187000006,14
29187000016,14
29187000017,14
29187000020,14
29186000014,14
29186000012,14
29186000013,14
29186000011,14
29186000007,14
29186000010,14
29186000002,14
29186000006,14
29186000003,14
29186000004,14
29221000005,15
29141000010,17
29141000008,17
29141000009,17
29141000013,17
29141000014,17
29141000016,17
29141000015,17
29141000004,17
29141000002,17
29141000003,17
29141000007,17
29141000011,17
29141000012,17
29141000005,17
29141000017,17
29141000006,17
29029000017,17
29029000009,17
29029000022,17
29029000012,17
29029000024,17
29029000023,17
29029000019,17
29029000021,17
29029000005,17
29029000004,17
29029000003,17
29029000013,17
29029000016,17
29029000018,17
29029000008,17
29029000010,17
29029000007,17
29029000015,17
29029000020,17
29029000011,17
29029000006,17
29029000025,17
29029000002,17
29029000014,17
29135000007,17
29135000009,17
29135000010,17
29135000012,17
29135000005,17
29135000004,17
29135000008,17
29135000002,17
29135000003,17
29135000013,17
29135000011,17
29135000006,17
29027001297,3
29027001190,3
29027001306,3
29027001189,3
29027001069,3
29027001292,3
29027001081,3
29027001083,3
29027001584,3
29027001843,3
29027001989,3
29027001991,3
29027001543,3
29027001763,3
29027001438,3
29027001595,3
29027001350,3
29027001351,3
29027000826,3
29027000828,3
29027000998,3
29027001271,3
29027000839,3
29027001272,3
29027000842,3
29165000021,20
29165000038,20
29165000037,20
29165000030,20
29165000011,20
29165000005,20
29165000034,20
29165000036,20
29165000006,20
29165000007,20
29165000041,20
29165000022,20
29165000043,20
29165000029,20
29165000044,20
29165000008,20
29165000018,20
29165000016,20
29165000009,20
29165000014,20
29165000013,20
29165000040,20
29165000042,20
29165000033,20
29165000027,20
29165000020,20
29165000003,20
29165000010,20
29165000002,20
29165000004,20
29165000025,20
29165000028,20
29165000012,20
29165000031,20
29165000026,20
29165000032,20
29165000017,20
29165000039,20
29165000023,20
29165000019,20
29165000015,20
29165000035,20
29165000024,20
29043000007,31
29043000034,31
29043000015,31
29043000008,31
29043000022,31
29043000003,31
29043000020,31
29043000012,31
29043000011,31
29043000032,31
29043000025,31
29043000031,31
29043000024,31
29043000023,31
29043000017,31
29043000018,31
29043000004,31
29043000021,31
29043000028,31
29043000026,31
29043000013,31
29043000033,31
29043000014,31
29043000030,31
29043000016,31
29043000019,31
29043000005,31
29043000006,31
29043000002,31
29043000010,31
29043000029,31
29043000009,31
29043000027,31
29077000012,30
29077000002,29
29077000060,29
29077000061,29
29077000062,29
29077000046,29
29077000048,29
29077000047,29
29077000044,29
29077000016,30
29077000030,29
29077000008,29
29077000003,29
29077000010,29
29077000009,29
29077000033,29
29077000034,29
29077000004,29
29077000045,29
29077000021,29
29077000022,29
29077000023,29
29077000069,29
29077000086,29
29077000095,29
29077000019,29
29077000020,29
29077000032,29
29077000088,29
29077000005,29
29077000025,29
29077000031,29
29077000026,29
29077000094,29
29077000024,29
29077000042,30
29077000027,29
29077000028,29
29077000071,30
29077000029,29
29077000006,29
29077000007,29
29077000040,30
29077000043,30
29077000072,30
29077000059,30
29077000105,30
29077000099,30
29077000017,30
29077000018,30
29077000041,30
29077000014,30
29077000015,30
29077000108,30
29077000110,30
29077000101,30
29077000102,30
29077000066,29
29077000050,29
29077000075,29
29077000064,29
29077000051,29
29077000063,29
29077000049,29
29077000084,29
29077000083,29
29077000100,29
29077000065,29
29077000074,29
29077000073,29
29077000113,29
29077000114,29
29077000077,29
29077000079,29
29077000078,29
29077000112,29
29077000076,29
29077000082,29
29077000081,29
29077000080,29
29077000053,29
29077000052,29
29077000054,29
29077000055,29
29077000056,29
29077000057,29
29077000097,30
29077000036,30
29077000038,30
29077000096,30
29077000039,30
29077000037,30
29077000098,30
29077000107,30
29077000104,30
29077000013,30
29077000070,30
29077000111,30
29077000058,30
29077000093,29
29077000090,29
29077000091,29
29077000092,29
29077000068,29
29077000085,29
29077000087,29
29077000089,29
29077000103,29
29077000067,29
29067000007,31
29067000003,31
29067000002,31
29067000021,31
29067000016,31
29067000010,31
29067000004,31
29067000020,31
29067000011,31
29067000014,31
29067000024,31
29067000008,31
29067000006,31
29067000017,31
29067000019,31
29067000012,31
29067000025,31
29067000015,31
29067000018,31
29067000023,31
29067000005,31
29067000009,31
29067000022,31
29067000013,31
29225000002,31
2922516-018,31
2922512-020,30
29225000011,31
2922512-019,30
29225000005,30
2922516-016,30
2922516-015,30
29225000008,30
2922514-017,31
29225000014,31
29225000012,31
29225000003,30
29225000013,30
29225000006,30
29225000010,30
29229000008,31
29229000006,31
29229000004,31
29229000007,31
29229000009,31
29229000005,31
29229000003,31
29229000002,31
29059000005,30
29059000006,19
29059000011,19
29059000010,30
29059000008,30
29059000007,19
29059000002,19
29059000012,19
29059000009,19
29059000004,19
29059000003,30
29167000004,30
29167000010,30
29167000005,30
29167000016,30
29167000011,30
29167000008,30
29167000009,30
29167000019,30
29167000015,30
29167000006,30
29167000018,30
29167000003,30
29167000020,30
29167000002,30
29167000013,30
29167000021,30
29167000007,30
29167000023,30
29167000022,30
29167000012,30
29167000017,30
29167000014,30
29095000307,22
29095000301,22
29095000308,22
29095000299,22
29095000300,22
29095000207,22
29095000311,22
29095000208,22
29095000310,22
29095000201,22
29095000209,22
29095000204,22
29095KC1310,22
29095000202,22
29095KC1311,22
29095000203,22
29095KC1313,22
29095000195,22
29095000206,22
29095000205,22
29095KC1523,22
29095KC1314,22
29095000338,22
29095000200,22
29095160102,23
29095000008,23
29095000225,22
29095000339,22
29095000353,22
29095000055,23
29095KC1516,22
29095KC2308,22
29095000344,22
29095000346,22
29095000348,22
29095000347,22
29095000345,22
29095000354,22
29095KC2312,22
29095000349,22
29095KC2304,22
29095000136,22
29095000350,22
29095KC1515,22
29095000249,22
29095000234,22
29095000248,22
29095000258,22
29095000247,22
29095000246,22
29095000244,22
29095000245,22
29095000257,22
29095000243,22
29095000256,22
29095000470,22
29095000228,22
29095000471,22
29095000233,22
29095000463,22
29095K16718,22
29095000231,22
29095000461,22
29095000469,22
29095000462,22
29095000460,22
29095000419,22
29095000423,22
29095000232,22
29095000418,22
29095000417,22
29095000420,22
29095000220,22
29095000416,22
29095000422,22
29095000415,22
29095000414,22
29095000216,22
29095000215,22
29095000305,22
29095000214,22
29095000304,22
29095000213,22
29095000312,22
29095000306,22
29095000212,22
29095000217,22
29095000303,22
29095K16207,22
29095000302,22
29095K16316,22
29095000221,22
29095000222,22
29095000211,22
29095000224,22
29095000223,22
29095000229,22
29095000227,22
29095000230,22
29095000226,22
29095KC1507,22
29095KC1504,22
29095000218,22
29095000219,22
29095000210,22
29095000337,22
29095000242,22
29095000241,22
29095000253,22
29095KC1607,22
29095000259,22
29095000260,22
29095000261,22
29095000130,22
29095000109,22
29095000120,22
29095BR1610,22
29095000132,22
29095000343,22
29095000134,22
29095BR1620,22
29095BR1608,22
29095000090,23
29095000340,22
29095KC2302,22
29095KC1520,22
29095000088,23
29095000056,23
29095000057,23
29095000052,23
29095160103,23
29095160104,23
29095160406,23
29095000047,23
29095000059,23
29095000064,23
29095000081,23
29095000341,22
29095000084,23
29095KC2301,22
29095000342,22
29095000357,22
29095000355,22
29095BRNO06,22
29095000356,22
29095000364,22
29095000278,22
29095000131,22
29095000277,22
29095000292,22
29095000280,22
29095000279,22
29095000269,22
29095000268,22
29095000270,22
29095000267,22
29095000254,22
29095000255,22
29095000459,22
29095000421,22
29095000458,22
29095000424,22
29095000412,22
29095000024,23
29095000029,23
29095000035,23
29095000037,23
29095000067,23
29095000072,23
29095000076,23
29095000100,23
29095000104,23
29095000138,23
29095000140,23
29095000142,23
29095000143,23
29095000144,23
29095000145,23
29095000146,23
29095000147,23
29095000569,23
29095000570,23
29095000572,23
29095000573,24
29095000578,24
29095000579,24
29095000580,24
29095000581,23
29095000582,23
29095000584,24
29095000586,24
29095000587,24
29095000590,24
29095000591,24
29095000592,24
29095000593,23
29095000595,24
29095000596,24
29095000599,24
29095000603,24
29095000604,24
29095000605,24
29095000606,23
29095000607,24
29095000608,24
29095000610,24
29095000612,23
29095000613,23
29095000614,24
29095000616,23
29095000617,24
29095000619,24
29095000620,23
29095000622,23
29095000623,24
29095000625,23
29095000626,23
29095000629,24
29095000630,23
29095000631,23
29095000632,23
29095000633,23
29095000634,24
29095000637,23
29095000638,24
29095FO1601,23
29095FO1609,23
29095SB1602,23
29095SB1616,24
29095SB1634,24
29095SB1635,24
29095SB1649,24
29095000508,24
29095000510,24
29095000512,24
29095000514,24
29095000515,24
29095000543,24
29095000544,24
29095000546,24
29095000547,24
29095000548,24
29095000550,24
29095000551,24
29095000552,24
29095000555,24
29095000557,24
29095000558,24
29095000564,24
29095000566,24
29095000567,24
29095000568,24
29095000639,24
29095000640,24
29095000641,24
29095000642,24
29095000643,24
29095000644,24
29095000645,24
29095PR1610,24
29095PR1654,24
29095PR1655,24
29095PR1657,24
29095PR1658,24
29095PR1661,24
29095PR1663,24
29095VB1601,24
29095VB1603,24
29095VB1604,24
29095VB1606,24
29095VB1607,24
29095VB1608,24
29095VB1609,24
29095VB1610,24
29095VB1611,24
29095VB1613,24
29095VB1617,24
29095000335,25
29095KC2212,25
29095000664,25
29095000650,25
29095000655,25
29095000651,25
29095000661,25
29095000654,25
29095000660,25
29095000656,25
29095000396,25
29095000658,25
29095000663,25
29095000648,25
29095000662,25
29095000395,25
29095000394,25
29095000387,25
29095000322,25
29095000397,25
29095PR1625,25
29095000333,25
29095000331,25
29095KC2201,25
29095000334,25
29095000330,25
29095KC2213,25
29095000332,25
29095000329,25
29095000320,25
29095000328,25
29095000326,25
29095000327,25
29095000319,25
29095000324,25
29095000174,25
29095KC1010,25
29095000169,25
29095KC1904,25
29095000166,25
29095000165,25
29095000167,25
29095000168,25
29095KC1004,25
29095000163,25
29095000164,25
29095000287,22
29095000162,25
29095000161,25
29095000288,22
29095000296,25
29095000160,25
29095000486,25
29095000497,25
29095000496,25
29095000495,25
29095000490,25
29095000492,25
29095000494,25
29095000493,25
29095000489,25
29095000488,25
29095K16903,25
29095000483,25
29095000480,25
29095000478,25
29095000479,25
29095K16804,25
29095000476,25
29095000477,25
29095K16814,25
29095K16815,25
29095000454,25
29095000453,25
29095000457,25
29095000447,25
29095000452,25
29095000451,25
29095K16457,25
29095000448,25
29095000449,25
29095000450,25
29095000444,25
29095000443,25
29095000441,25
29095K16513,25
29095K16512,25
29095000436,25
29095000440,25
29095000428,25
29095000437,25
29095000439,25
29095000438,25
29095000442,25
29095000429,25
29095000159,25
29095000156,25
29095000427,25
29095000435,25
29095000154,25
29095000155,25
29095000433,25
29095000153,25
29095000430,25
29095000426,25
29095000152,25
29095000148,25
29095000030,23
29095000031,23
29095000032,23
29095000033,23
29095000036,23
29095000022,23
29095000034,23
29095000023,23
29095000015,23
29095000020,23
29095000007,23
29095000019,23
29095000017,23
29095000003,23
29095000010,23
29095000006,23
29095000044,23
29095000016,23
29095000002,23
29095000197,23
29095000198,22
29095000196,23
29095000190,23
29095000189,23
29095KC1212,22
29095000191,23
29095000188,23
29095000187,23
29095000192,23
29095000186,23
29095KC1111,23
29095KC1107,23
29095000193,22
29095000194,22
29095000185,22
29095000181,23
29095KC1209,22
29095000180,23
29095000179,23
29095000182,22
29095000183,23
29095000178,22
29095000177,22
29095000298,22
29095000176,23
29095000184,23
29095KC1110,23
29095KC1113,23
29095000071,23
29095000069,23
29095000066,23
29095000103,23
29095000095,23
29095000079,23
29095000060,23
29095000086,23
29095000062,23
29095000025,23
29095000043,23
29095000026,23
29095000045,23
29095000096,23
29095000099,23
29095000523,24
29095000519,24
29095PR1601,23
29095000556,24
29095000601,24
2909516-100,24
29095000358,22
29095KC2403,22
29095BR1613,22
29095000123,22
29095000128,22
29095000116,22
29095BR1612,22
29095000374,22
29095000129,22
29095000375,22
29095KC2613,22
29095000125,22
29095BR1611,22
29095000404,22
29095000402,22
29095000399,22
29095000403,22
29095000400,22
29095000290,22
29095000281,22
29095000289,22
29095000283,22
29095KC1920,22
29095000291,25
29095000295,22
29095000172,25
29095000173,25
29095000318,25
29095KC1915,25
29095000317,25
29095KC2003,25
29095000316,25
29095KC1916,25
29095000315,25
29095000409,25
29095KC2612,25
29095000392,25
29095000391,25
29095000388,25
29095000389,25
29095000398,25
29095000406,25
29095000372,22
29095000501,24
29095000499,24
29095000500,24
29095000505,24
29095000503,24
29095000370,22
29095000371,22
29095KC2416,22
29095000385,22
29095000368,22
29095000373,22
29095000366,22
29095KC2419,22
29095BR1619,22
29095000365,22
29095000369,22
29095KC2427,22
29095000362,22
29095000383,22
29095KC2607,25
29095000386,22
29095000407,25
29095KC2611,25
29095KC2608,25
29095000408,25
29095000314,25
29095000405,22
29095000401,25
29095000393,25
29095000390,25
29095000321,25
29095KC2010,25
29095KC1905,22
29095000282,22
29095000286,22
29095000284,22
29095000285,22
29095000276,22
29095000275,22
29095000272,22
29095000273,22
29095000265,22
29095000293,22
29095000266,22
29095000239,22
29095000250,22
29095000467,22
29095000464,22
29095000413,22
29095k16429,25
29095K16419,25
29095000238,22
29095000235,22
29095000236,22
29095000251,22
29095000263,22
29095000264,22
29095000271,22
29095000150,25
29095000149,25
29095000175,25
29095000151,25
29095K16106,25
29095000157,22
29095K16218,22
29095000313,22
29095000425,25
29095000431,25
29095K16439,25
29095000432,25
29095000434,25
29095000446,25
29095KC1042,25
29095K16469,25
29095K16463,25
29095000455,25
29095K16611,25
29095000456,25
29095000474,25
29095K16615,25
29095000475,25
29095000485,25
29095000482,25
29095000481,25
29095K16811,25
29095K16913,25
29095000484,25
29095000491,25
29095K16459,25
29095K16449,25
29095K16467,25
29095000542,24
29095000540,24
29095000562,24
29095000563,24
29095000561,24
29095000539,24
29095000538,24
29095000520,24
29095000534,24
29095000517,24
29095000516,24
29095PR1602,24
29095000529,24
29095000511,24
29095000509,24
29095000531,24
29095000532,24
29095000554,24
29095000525,24
29095000527,24
29095KC2423,22
29095000524,24
29095000518,24
29095000536,24
29095000097,23
29095000537,24
29095000360,22
29095000361,22
29095000359,22
29095000378,22
29095KC2430,22
29095KC2414,22
29095000379,22
29095KC2428,22
29095000382,22
29095000107,23
29095000082,23
29095000087,23
29095000092,23
29095000363,22
29095000506,24
29095SB1683,24
29095000054,23
29095000061,23
29095000050,23
29095000091,23
2909916-095,14
2909916-094,14
2909916-115,14
291890MR047,12
291890MR024,12
291890MR005,11
29189MER219,12
29189MER005,12
29099000017,13
29071000005,15
29071000006,15
29071000004,15
29071000014,15
29071000030,15
29071000031,15
29071000062,15
29071000010,15
29071000028,15
29071000061,15
2909916-092,13
291890NW224,6
291890NW226,6
291890NW227,6
291890SF021,7
291890SF017,7
29077000109,30
29077000011,30
29077000035,30
29077000106,30
29189CHE200,12
2951016-239,9
29189GRA039,10
29189UNV205,9
29189UNV206,9
29510000204,9
291890SF011,7
29095KC2512,25
29095KC1907,22
2909516-101,24